run_id,generated_at,game_date,away,home,team,player,player_id,market,projection,projection_basis,sigma,sigma_source,line,side,odds,opposite_odds,book,model_prob,implied_prob,vig_free,edge,tier,verdict,priced
4384d8fe8a98,2026-10-07T23:02:58+00:00,2026-10-07,NYL,ATL,NYL,Sabrina Ionescu,1629477,player_points,15.06,"season PPG; L5 pts x0.45 + source pts x0.35, minutes x1.13",8.088,"player-fitted (n=36, shrunk to league)",15.5,under,-112,-118,draftkings,0.5217,0.4939,True,0.0278,Lean,PASS,True
4384d8fe8a98,2026-10-07T23:02:58+00:00,2026-10-07,NYL,ATL,NYL,Sabrina Ionescu,1629477,player_rebounds,3.87,"season RPG; L5 reb x0.45, minutes x1.13",2.371,"player-fitted (n=36, shrunk to league)",3.5,over,-127,-107,draftkings,0.562,0.5198,True,0.0422,Lean,PLAY,True
4384d8fe8a98,2026-10-07T23:02:58+00:00,2026-10-07,NYL,ATL,NYL,Sabrina Ionescu,1629477,player_assists,5.14,"season APG; L5 ast x0.45, minutes x1.13",2.655,"player-fitted (n=36, shrunk to league)",4.5,over,-107,-127,draftkings,0.5953,0.4802,True,0.115,Strong,PLAY,True
4384d8fe8a98,2026-10-07T23:02:58+00:00,2026-10-07,NYL,ATL,NYL,Sabrina Ionescu,1629477,player_threes,1.72,"season fg3m history; L5 fg3m x0.45, minutes x1.13",1.314,"player-fitted (n=36, shrunk to league)",2.5,under,-173,127,draftkings,0.7236,0.5899,True,0.1337,Strong,PLAY,True
4384d8fe8a98,2026-10-07T23:02:58+00:00,2026-10-07,NYL,ATL,NYL,Breanna Stewart,1627668,player_points,18.8,"season PPG; L5 pts x0.45 + source pts x0.35, minutes x0.90",6.987,"player-fitted (n=43, shrunk to league)",22.5,under,-125,-106,draftkings,0.7018,0.5192,True,0.1826,Review,REVIEW,True
4384d8fe8a98,2026-10-07T23:02:58+00:00,2026-10-07,NYL,ATL,NYL,Breanna Stewart,1627668,player_rebounds,7.94,"season RPG; L5 reb x0.45, minutes x0.90",2.57,"player-fitted (n=43, shrunk to league)",8.5,under,-123,-111,draftkings,0.5862,0.5118,True,0.0744,Standard,PLAY,True
4384d8fe8a98,2026-10-07T23:02:58+00:00,2026-10-07,NYL,ATL,NYL,Breanna Stewart,1627668,player_assists,2.86,"season APG; L5 ast x0.45, minutes x0.90",1.88,"player-fitted (n=43, shrunk to league)",3.5,under,-107,-127,draftkings,0.6333,0.4802,True,0.153,Review,REVIEW,True
4384d8fe8a98,2026-10-07T23:02:58+00:00,2026-10-07,NYL,ATL,NYL,Breanna Stewart,1627668,player_threes,0.52,"season fg3m history; L5 fg3m x0.45, minutes x0.90",0.832,"player-fitted (n=43, shrunk to league)",0.5,over,-149,110,draftkings,0.5096,0.5569,True,-0.0473,Pass,PASS,True
4384d8fe8a98,2026-10-07T23:02:58+00:00,2026-10-07,NYL,ATL,NYL,Leonie Fiebich,1630142,player_points,7.32,"season PPG; L5 pts x0.45 + source pts x0.35, minutes x0.89",6.178,"player-fitted (n=28, shrunk to league)",8.5,under,-129,-103,draftkings,0.5757,0.5261,True,0.0496,Standard,PLAY,True
4384d8fe8a98,2026-10-07T23:02:58+00:00,2026-10-07,NYL,ATL,NYL,Leonie Fiebich,1630142,player_rebounds,2.82,"season RPG; L5 reb x0.45, minutes x0.89",2.166,"player-fitted (n=28, shrunk to league)",3.5,under,-131,-104,draftkings,0.6232,0.5266,True,0.0966,Strong,PLAY,True
4384d8fe8a98,2026-10-07T23:02:58+00:00,2026-10-07,NYL,ATL,NYL,Leonie Fiebich,1630142,player_assists,2.06,"season APG; L5 ast x0.45, minutes x0.89",1.628,"player-fitted (n=28, shrunk to league)",1.5,over,-180,132,draftkings,0.6346,0.5986,True,0.0359,Lean,PASS,True
4384d8fe8a98,2026-10-07T23:02:58+00:00,2026-10-07,NYL,ATL,NYL,Leonie Fiebich,1630142,player_threes,1.01,"season fg3m history; L5 fg3m x0.45, minutes x0.89",1.215,"player-fitted (n=28, shrunk to league)",1.5,under,-102,-133,draftkings,0.6566,0.4694,True,0.1872,Review,REVIEW,True
4384d8fe8a98,2026-10-07T23:02:58+00:00,2026-10-07,NYL,ATL,NYL,Jonquel Jones,1627673,player_points,12.63,"season PPG; L5 pts x0.45 + source pts x0.35, minutes x0.92",5.177,"player-fitted (n=44, shrunk to league)",14.5,under,-115,-115,draftkings,0.641,0.5,True,0.141,Strong,PLAY,True
4384d8fe8a98,2026-10-07T23:02:58+00:00,2026-10-07,NYL,ATL,NYL,Jonquel Jones,1627673,player_rebounds,8.13,"season RPG; L5 reb x0.45, minutes x0.92",3.6,"player-fitted (n=44, shrunk to league)",9.5,under,101,-137,draftkings,0.6482,0.4626,True,0.1857,Review,REVIEW,True
4384d8fe8a98,2026-10-07T23:02:58+00:00,2026-10-07,NYL,ATL,NYL,Jonquel Jones,1627673,player_assists,1.89,"season APG; L5 ast x0.45, minutes x0.92",1.627,"player-fitted (n=44, shrunk to league)",2.5,under,-166,122,draftkings,0.6462,0.5808,True,0.0654,Standard,PLAY,True
4384d8fe8a98,2026-10-07T23:02:58+00:00,2026-10-07,NYL,ATL,NYL,Jonquel Jones,1627673,player_threes,1.64,"season fg3m history; L5 fg3m x0.45, minutes x0.92",1.282,"player-fitted (n=44, shrunk to league)",1.5,over,-158,116,draftkings,0.5435,0.5695,True,-0.026,Pass,PASS,True
4384d8fe8a98,2026-10-07T23:02:58+00:00,2026-10-07,NYL,ATL,NYL,Satou Sabally,1630149,player_points,7.45,season PPG; L5 pts x0.45 + source pts x0.35,6.633,"player-fitted (n=23, shrunk to league)",,,,,,,,False,,,PROJ,False
4384d8fe8a98,2026-10-07T23:02:58+00:00,2026-10-07,NYL,ATL,NYL,Satou Sabally,1630149,player_rebounds,1.54,season RPG; L5 reb x0.45,1.996,"player-fitted (n=23, shrunk to league)",,,,,,,,False,,,PROJ,False
4384d8fe8a98,2026-10-07T23:02:58+00:00,2026-10-07,NYL,ATL,NYL,Satou Sabally,1630149,player_assists,1.04,season APG; L5 ast x0.45,1.794,"player-fitted (n=23, shrunk to league)",,,,,,,,False,,,PROJ,False
4384d8fe8a98,2026-10-07T23:02:58+00:00,2026-10-07,NYL,ATL,NYL,Satou Sabally,1630149,player_threes,0.48,season fg3m history; L5 fg3m x0.45,1.274,"player-fitted (n=23, shrunk to league)",,,,,,,,False,,,PROJ,False
4384d8fe8a98,2026-10-07T23:02:58+00:00,2026-10-07,NYL,ATL,NYL,Pauline Astier,1631136,player_points,6.9,"season PPG; L5 pts x0.45 + source pts x0.35, minutes x0.75",5.292,"player-fitted (n=44, shrunk to league)",7.5,under,-106,-125,draftkings,0.5451,0.4808,True,0.0643,Standard,PLAY,True
4384d8fe8a98,2026-10-07T23:02:58+00:00,2026-10-07,NYL,ATL,NYL,Pauline Astier,1631136,player_rebounds,2.73,"season RPG; L5 reb x0.45, minutes x0.75",2.088,"player-fitted (n=44, shrunk to league)",3.5,under,-143,105,draftkings,0.6439,0.5468,True,0.0971,Strong,PLAY,True
4384d8fe8a98,2026-10-07T23:02:58+00:00,2026-10-07,NYL,ATL,NYL,Pauline Astier,1631136,player_assists,2.37,"season APG; L5 ast x0.45, minutes x0.75",1.608,"player-fitted (n=44, shrunk to league)",3.5,under,-142,105,draftkings,0.7588,0.5461,True,0.2128,Review,REVIEW,True
4384d8fe8a98,2026-10-07T23:02:58+00:00,2026-10-07,NYL,ATL,NYL,Pauline Astier,1631136,player_threes,0.45,"season fg3m history; L5 fg3m x0.45, minutes x0.75",0.779,"player-fitted (n=44, shrunk to league)",0.5,under,-179,131,draftkings,0.5256,0.5971,True,-0.0715,Pass,PASS,True
4384d8fe8a98,2026-10-07T23:02:58+00:00,2026-10-07,NYL,ATL,ATL,Rhyne Howard,1631009,player_points,16.81,season PPG; L5 pts x0.45 + source pts x0.35,6.405,"player-fitted (n=43, shrunk to league)",20.5,under,-126,-105,draftkings,0.7177,0.5212,True,0.1965,Review,REVIEW,True
4384d8fe8a98,2026-10-07T23:02:58+00:00,2026-10-07,NYL,ATL,ATL,Rhyne Howard,1631009,player_rebounds,3.71,season RPG; L5 reb x0.45,2.021,"player-fitted (n=43, shrunk to league)",4.5,under,-171,125,draftkings,0.6521,0.5867,True,0.0654,Standard,PLAY,True
4384d8fe8a98,2026-10-07T23:02:58+00:00,2026-10-07,NYL,ATL,ATL,Rhyne Howard,1631009,player_assists,3.92,season APG; L5 ast x0.45,1.913,"player-fitted (n=43, shrunk to league)",3.5,over,-153,113,draftkings,0.5869,0.563,True,0.0239,Lean,PASS,True
4384d8fe8a98,2026-10-07T23:02:58+00:00,2026-10-07,NYL,ATL,ATL,Rhyne Howard,1631009,player_threes,2.43,season fg3m history; L5 fg3m x0.45,1.709,"player-fitted (n=43, shrunk to league)",2.5,under,129,-177,draftkings,0.5163,0.406,True,0.1104,Strong,PLAY,True
4384d8fe8a98,2026-10-07T23:02:58+00:00,2026-10-07,NYL,ATL,ATL,Angel Reese,1642291,player_points,18.73,"season PPG; L5 pts x0.45 + source pts x0.35, minutes x1.12",5.777,"player-fitted (n=43, shrunk to league)",16.5,over,-101,-131,draftkings,0.6503,0.4698,True,0.1805,Review,REVIEW,True
4384d8fe8a98,2026-10-07T23:02:58+00:00,2026-10-07,NYL,ATL,ATL,Angel Reese,1642291,player_rebounds,12.14,"season RPG; L5 reb x0.45, minutes x1.12",3.448,"player-fitted (n=43, shrunk to league)",11.5,over,-103,-132,draftkings,0.5736,0.4714,True,0.1022,Strong,PLAY,True
4384d8fe8a98,2026-10-07T23:02:58+00:00,2026-10-07,NYL,ATL,ATL,Angel Reese,1642291,player_assists,3.12,"season APG; L5 ast x0.45, minutes x1.12",1.678,"player-fitted (n=43, shrunk to league)",2.5,over,111,-152,draftkings,0.6442,0.44,True,0.2042,Review,REVIEW,True
4384d8fe8a98,2026-10-07T23:02:58+00:00,2026-10-07,NYL,ATL,ATL,Angel Reese,1642291,player_threes,0.36,"season fg3m history; L5 fg3m x0.45, minutes x1.12",0.644,"player-fitted (n=43, shrunk to league)",0.5,under,-223,161,draftkings,0.5861,0.6431,True,-0.057,Pass,PASS,True
4384d8fe8a98,2026-10-07T23:02:58+00:00,2026-10-07,NYL,ATL,ATL,Allisha Gray,1628277,player_points,18.55,season PPG; L5 pts x0.45 + source pts x0.35,5.694,"player-fitted (n=44, shrunk to league)",,,,,,,,False,,,PROJ,False
4384d8fe8a98,2026-10-07T23:02:58+00:00,2026-10-07,NYL,ATL,ATL,Allisha Gray,1628277,player_rebounds,4.36,season RPG; L5 reb x0.45,2.445,"player-fitted (n=44, shrunk to league)",,,,,,,,False,,,PROJ,False
4384d8fe8a98,2026-10-07T23:02:58+00:00,2026-10-07,NYL,ATL,ATL,Allisha Gray,1628277,player_assists,2.78,season APG; L5 ast x0.45,1.575,"player-fitted (n=44, shrunk to league)",,,,,,,,False,,,PROJ,False
4384d8fe8a98,2026-10-07T23:02:58+00:00,2026-10-07,NYL,ATL,ATL,Allisha Gray,1628277,player_threes,2.09,season fg3m history; L5 fg3m x0.45,1.462,"player-fitted (n=44, shrunk to league)",,,,,,,,False,,,PROJ,False
4384d8fe8a98,2026-10-07T23:02:58+00:00,2026-10-07,NYL,ATL,ATL,Jordin Canada,1628886,player_points,11.65,season PPG; L5 pts x0.45 + source pts x0.35,4.943,"player-fitted (n=44, shrunk to league)",13.5,under,-106,-125,draftkings,0.6459,0.4808,True,0.165,Review,REVIEW,True
4384d8fe8a98,2026-10-07T23:02:58+00:00,2026-10-07,NYL,ATL,ATL,Jordin Canada,1628886,player_rebounds,2.92,season RPG; L5 reb x0.45,2.059,"player-fitted (n=44, shrunk to league)",3.5,under,-175,128,draftkings,0.6109,0.592,True,0.0189,Pass,PASS,True
4384d8fe8a98,2026-10-07T23:02:58+00:00,2026-10-07,NYL,ATL,ATL,Jordin Canada,1628886,player_assists,7.17,season APG; L5 ast x0.45,2.964,"player-fitted (n=44, shrunk to league)",7.5,under,-128,-106,draftkings,0.5443,0.5218,True,0.0226,Lean,PASS,True
4384d8fe8a98,2026-10-07T23:02:58+00:00,2026-10-07,NYL,ATL,ATL,Jordin Canada,1628886,player_threes,1.04,season fg3m history; L5 fg3m x0.45,0.981,"player-fitted (n=44, shrunk to league)",1.5,under,-205,149,draftkings,0.6804,0.626,True,0.0545,Standard,PLAY,True
4384d8fe8a98,2026-10-07T23:02:58+00:00,2026-10-07,NYL,ATL,ATL,Naz Hillmon,1631044,player_points,8.73,"season PPG; L5 pts x0.45 + source pts x0.35, minutes x1.06",5.463,"player-fitted (n=44, shrunk to league)",7.5,over,-124,-107,draftkings,0.5891,0.5171,True,0.0719,Standard,PLAY,True
4384d8fe8a98,2026-10-07T23:02:58+00:00,2026-10-07,NYL,ATL,ATL,Naz Hillmon,1631044,player_rebounds,4.58,"season RPG; L5 reb x0.45, minutes x1.06",2.131,"player-fitted (n=44, shrunk to league)",4.5,over,-109,-125,draftkings,0.515,0.4842,True,0.0308,Lean,PASS,True
4384d8fe8a98,2026-10-07T23:02:58+00:00,2026-10-07,NYL,ATL,ATL,Naz Hillmon,1631044,player_assists,1.98,"season APG; L5 ast x0.45, minutes x1.06",1.214,"player-fitted (n=44, shrunk to league)",1.5,over,-140,103,draftkings,0.6537,0.5422,True,0.1115,Strong,PLAY,True
4384d8fe8a98,2026-10-07T23:02:58+00:00,2026-10-07,NYL,ATL,ATL,Naz Hillmon,1631044,player_threes,1.45,"season fg3m history; L5 fg3m x0.45, minutes x1.06",1.009,"player-fitted (n=44, shrunk to league)",1.5,under,-194,142,draftkings,0.5198,0.6149,True,-0.0952,Pass,PASS,True
4384d8fe8a98,2026-10-07T23:02:58+00:00,2026-10-07,NYL,ATL,ATL,Brionna Jones,1628280,player_points,5.46,season PPG; L5 pts x0.45 + source pts x0.35,4.732,"player-fitted (n=32, shrunk to league)",,,,,,,,False,,,PROJ,False
4384d8fe8a98,2026-10-07T23:02:58+00:00,2026-10-07,NYL,ATL,ATL,Brionna Jones,1628280,player_rebounds,3.08,season RPG; L5 reb x0.45,2.731,"player-fitted (n=32, shrunk to league)",,,,,,,,False,,,PROJ,False
4384d8fe8a98,2026-10-07T23:02:58+00:00,2026-10-07,NYL,ATL,ATL,Brionna Jones,1628280,player_assists,1.1,season APG; L5 ast x0.45,1.424,"player-fitted (n=32, shrunk to league)",,,,,,,,False,,,PROJ,False
4384d8fe8a98,2026-10-07T23:02:58+00:00,2026-10-07,NYL,ATL,ATL,Brionna Jones,1628280,player_threes,0.02,season fg3m history; L5 fg3m x0.45,0.502,"player-fitted (n=32, shrunk to league)",,,,,,,,False,,,PROJ,False
4384d8fe8a98,2026-10-07T23:02:58+00:00,2026-10-07,LVA,GSV,LVA,Jackie Young,1629498,player_points,20.53,season PPG; L5 pts x0.45 + source pts x0.35,7.575,"player-fitted (n=43, shrunk to league)",18.5,over,-123,-107,draftkings,0.6056,0.5162,True,0.0894,Strong,PLAY,True
4384d8fe8a98,2026-10-07T23:02:58+00:00,2026-10-07,LVA,GSV,LVA,Jackie Young,1629498,player_rebounds,4.22,season RPG; L5 reb x0.45,2.45,"player-fitted (n=43, shrunk to league)",4.5,under,-111,-123,draftkings,0.5455,0.4882,True,0.0573,Standard,PLAY,True
4384d8fe8a98,2026-10-07T23:02:58+00:00,2026-10-07,LVA,GSV,LVA,Jackie Young,1629498,player_assists,7.61,season APG; L5 ast x0.45,2.51,"player-fitted (n=43, shrunk to league)",5.5,over,-143,105,draftkings,0.7997,0.5468,True,0.2529,Review,REVIEW,True
4384d8fe8a98,2026-10-07T23:02:58+00:00,2026-10-07,LVA,GSV,LVA,Jackie Young,1629498,player_threes,2.45,season fg3m history; L5 fg3m x0.45,1.524,"player-fitted (n=43, shrunk to league)",2.5,under,-163,120,draftkings,0.5131,0.5769,True,-0.0638,Pass,PASS,True
4384d8fe8a98,2026-10-07T23:02:58+00:00,2026-10-07,LVA,GSV,LVA,A'ja Wilson,1628932,player_points,25.0,"season PPG; L5 pts x0.45 + source pts x0.35, minutes x0.94",6.504,"player-fitted (n=41, shrunk to league)",26.5,under,-118,-112,draftkings,0.5912,0.5061,True,0.0851,Strong,PLAY,True
4384d8fe8a98,2026-10-07T23:02:58+00:00,2026-10-07,LVA,GSV,LVA,A'ja Wilson,1628932,player_rebounds,8.5,"season RPG; L5 reb x0.45, minutes x0.94",3.41,"player-fitted (n=41, shrunk to league)",10.5,under,-136,100,draftkings,0.7212,0.5354,True,0.1858,Review,REVIEW,True
4384d8fe8a98,2026-10-07T23:02:58+00:00,2026-10-07,LVA,GSV,LVA,A'ja Wilson,1628932,player_assists,3.09,"season APG; L5 ast x0.45, minutes x0.94",1.733,"player-fitted (n=41, shrunk to league)",2.5,over,-146,108,draftkings,0.6332,0.5525,True,0.0807,Strong,PLAY,True
4384d8fe8a98,2026-10-07T23:02:58+00:00,2026-10-07,LVA,GSV,LVA,A'ja Wilson,1628932,player_threes,0.73,"season fg3m history; L5 fg3m x0.45, minutes x0.94",0.85,"player-fitted (n=41, shrunk to league)",0.5,over,-147,108,draftkings,0.6066,0.5532,True,0.0535,Standard,PLAY,True
4384d8fe8a98,2026-10-07T23:02:58+00:00,2026-10-07,LVA,GSV,LVA,Chelsea Gray,203833,player_points,10.64,"season PPG; L5 pts x0.45 + source pts x0.35, minutes x0.94",5.621,"player-fitted (n=43, shrunk to league)",11.5,under,-120,-110,draftkings,0.5608,0.5101,True,0.0507,Standard,PLAY,True
4384d8fe8a98,2026-10-07T23:02:58+00:00,2026-10-07,LVA,GSV,LVA,Chelsea Gray,203833,player_rebounds,3.66,"season RPG; L5 reb x0.45, minutes x0.94",1.906,"player-fitted (n=43, shrunk to league)",3.5,over,103,-141,draftkings,0.5335,0.4571,True,0.0763,Standard,PLAY,True
4384d8fe8a98,2026-10-07T23:02:58+00:00,2026-10-07,LVA,GSV,LVA,Chelsea Gray,203833,player_assists,5.67,"season APG; L5 ast x0.45, minutes x0.94",2.153,"player-fitted (n=43, shrunk to league)",5.5,over,-154,113,draftkings,0.5315,0.5636,True,-0.0321,Pass,PASS,True
4384d8fe8a98,2026-10-07T23:02:58+00:00,2026-10-07,LVA,GSV,LVA,Chelsea Gray,203833,player_threes,1.4,"season fg3m history; L5 fg3m x0.45, minutes x0.94",1.721,"player-fitted (n=43, shrunk to league)",1.5,under,-143,105,draftkings,0.5232,0.5468,True,-0.0236,Pass,PASS,True
4384d8fe8a98,2026-10-07T23:02:58+00:00,2026-10-07,LVA,GSV,LVA,Dana Evans,1630389,player_points,4.71,"season PPG; L5 pts x0.45 + source pts x0.35, minutes x1.25",4.15,"player-fitted (n=23, shrunk to league)",,,,,,,,False,,,PROJ,False
4384d8fe8a98,2026-10-07T23:02:58+00:00,2026-10-07,LVA,GSV,LVA,Dana Evans,1630389,player_rebounds,1.07,"season RPG; L5 reb x0.45, minutes x1.25",1.631,"player-fitted (n=23, shrunk to league)",,,,,,,,False,,,PROJ,False
4384d8fe8a98,2026-10-07T23:02:58+00:00,2026-10-07,LVA,GSV,LVA,Dana Evans,1630389,player_assists,2.46,"season APG; L5 ast x0.45, minutes x1.25",1.365,"player-fitted (n=23, shrunk to league)",,,,,,,,False,,,PROJ,False
4384d8fe8a98,2026-10-07T23:02:58+00:00,2026-10-07,LVA,GSV,LVA,Dana Evans,1630389,player_threes,0.81,"season fg3m history; L5 fg3m x0.45, minutes x1.25",0.986,"player-fitted (n=23, shrunk to league)",,,,,,,,False,,,PROJ,False
4384d8fe8a98,2026-10-07T23:02:58+00:00,2026-10-07,LVA,GSV,LVA,NaLyssa Smith,1631019,player_points,10.22,"season PPG; L5 pts x0.45 + source pts x0.35, minutes x0.95",5.595,"player-fitted (n=38, shrunk to league)",,,,,,,,False,,,PROJ,False
4384d8fe8a98,2026-10-07T23:02:58+00:00,2026-10-07,LVA,GSV,LVA,NaLyssa Smith,1631019,player_rebounds,6.59,"season RPG; L5 reb x0.45, minutes x0.95",2.87,"player-fitted (n=38, shrunk to league)",,,,,,,,False,,,PROJ,False
4384d8fe8a98,2026-10-07T23:02:58+00:00,2026-10-07,LVA,GSV,LVA,NaLyssa Smith,1631019,player_assists,0.64,"season APG; L5 ast x0.45, minutes x0.95",1.21,"player-fitted (n=38, shrunk to league)",,,,,,,,False,,,PROJ,False
4384d8fe8a98,2026-10-07T23:02:58+00:00,2026-10-07,LVA,GSV,LVA,NaLyssa Smith,1631019,player_threes,0.01,"season fg3m history; L5 fg3m x0.45, minutes x0.95",0.469,"player-fitted (n=38, shrunk to league)",,,,,,,,False,,,PROJ,False
4384d8fe8a98,2026-10-07T23:02:58+00:00,2026-10-07,LVA,GSV,LVA,Jewell Loyd,204319,player_points,8.42,"season PPG; L5 pts x0.45 + source pts x0.35, minutes x1.06",5.124,"player-fitted (n=42, shrunk to league)",,,,,,,,False,,,PROJ,False
4384d8fe8a98,2026-10-07T23:02:58+00:00,2026-10-07,LVA,GSV,LVA,Jewell Loyd,204319,player_rebounds,2.09,"season RPG; L5 reb x0.45, minutes x1.06",1.623,"player-fitted (n=42, shrunk to league)",,,,,,,,False,,,PROJ,False
4384d8fe8a98,2026-10-07T23:02:58+00:00,2026-10-07,LVA,GSV,LVA,Jewell Loyd,204319,player_assists,1.1,"season APG; L5 ast x0.45, minutes x1.06",1.195,"player-fitted (n=42, shrunk to league)",,,,,,,,False,,,PROJ,False
4384d8fe8a98,2026-10-07T23:02:58+00:00,2026-10-07,LVA,GSV,LVA,Jewell Loyd,204319,player_threes,2.24,"season fg3m history; L5 fg3m x0.45, minutes x1.06",1.233,"player-fitted (n=42, shrunk to league)",,,,,,,,False,,,PROJ,False
4384d8fe8a98,2026-10-07T23:02:58+00:00,2026-10-07,LVA,GSV,GSV,Veronica Burton,1631007,player_points,10.64,"season PPG; L5 pts x0.45 + source pts x0.35, minutes x0.84",5.262,"player-fitted (n=44, shrunk to league)",11.5,under,-121,-109,draftkings,0.5649,0.5122,True,0.0528,Standard,PLAY,True
4384d8fe8a98,2026-10-07T23:02:58+00:00,2026-10-07,LVA,GSV,GSV,Veronica Burton,1631007,player_rebounds,3.47,"season RPG; L5 reb x0.45, minutes x0.84",1.883,"player-fitted (n=44, shrunk to league)",3.5,under,-138,101,draftkings,0.5064,0.5382,True,-0.0319,Pass,PASS,True
4384d8fe8a98,2026-10-07T23:02:58+00:00,2026-10-07,LVA,GSV,GSV,Veronica Burton,1631007,player_assists,4.59,"season APG; L5 ast x0.45, minutes x0.84",2.503,"player-fitted (n=44, shrunk to league)",5.5,under,-155,114,draftkings,0.6419,0.5654,True,0.0766,Standard,PLAY,True
4384d8fe8a98,2026-10-07T23:02:58+00:00,2026-10-07,LVA,GSV,GSV,Veronica Burton,1631007,player_threes,1.02,"season fg3m history; L5 fg3m x0.45, minutes x0.84",0.93,"player-fitted (n=44, shrunk to league)",1.5,under,-203,148,draftkings,0.6972,0.6243,True,0.0729,Standard,PLAY,True
4384d8fe8a98,2026-10-07T23:02:58+00:00,2026-10-07,LVA,GSV,GSV,Gabby Williams,1628931,player_points,12.46,"season PPG; L5 pts x0.45 + source pts x0.35, minutes x0.90",6.661,"player-fitted (n=41, shrunk to league)",18.5,under,-118,-112,draftkings,0.8177,0.5061,True,0.3117,Review,REVIEW,True
4384d8fe8a98,2026-10-07T23:02:58+00:00,2026-10-07,LVA,GSV,GSV,Gabby Williams,1628931,player_rebounds,2.99,"season RPG; L5 reb x0.45, minutes x0.90",2.146,"player-fitted (n=41, shrunk to league)",4.5,under,-168,123,draftkings,0.7592,0.583,True,0.1762,Review,REVIEW,True
4384d8fe8a98,2026-10-07T23:02:58+00:00,2026-10-07,LVA,GSV,GSV,Gabby Williams,1628931,player_assists,2.29,"season APG; L5 ast x0.45, minutes x0.90",1.56,"player-fitted (n=41, shrunk to league)",3.5,under,-168,123,draftkings,0.7811,0.583,True,0.1981,Review,REVIEW,True
4384d8fe8a98,2026-10-07T23:02:58+00:00,2026-10-07,LVA,GSV,GSV,Gabby Williams,1628931,player_threes,1.77,"season fg3m history; L5 fg3m x0.45, minutes x0.90",1.348,"player-fitted (n=41, shrunk to league)",2.5,under,-184,134,draftkings,0.7059,0.6026,True,0.1034,Strong,PLAY,True
4384d8fe8a98,2026-10-07T23:02:58+00:00,2026-10-07,LVA,GSV,GSV,Kayla Thornton,203866,player_points,6.03,"season PPG; L5 pts x0.45 + source pts x0.35, minutes x0.77",5.946,"player-fitted (n=44, shrunk to league)",6.5,under,-111,-119,draftkings,0.5315,0.4919,True,0.0396,Lean,PLAY,True
4384d8fe8a98,2026-10-07T23:02:58+00:00,2026-10-07,LVA,GSV,GSV,Kayla Thornton,203866,player_rebounds,3.35,"season RPG; L5 reb x0.45, minutes x0.77",2.688,"player-fitted (n=44, shrunk to league)",4.5,under,-107,-127,draftkings,0.6656,0.4802,True,0.1854,Review,REVIEW,True
4384d8fe8a98,2026-10-07T23:02:58+00:00,2026-10-07,LVA,GSV,GSV,Kayla Thornton,203866,player_assists,0.57,"season APG; L5 ast x0.45, minutes x0.77",0.998,"player-fitted (n=44, shrunk to league)",,,,,,,,False,,,PROJ,False
4384d8fe8a98,2026-10-07T23:02:58+00:00,2026-10-07,LVA,GSV,GSV,Kayla Thornton,203866,player_threes,1.18,"season fg3m history; L5 fg3m x0.45, minutes x0.77",1.43,"player-fitted (n=44, shrunk to league)",1.5,under,-190,138,draftkings,0.5885,0.6093,True,-0.0207,Pass,PASS,True
4384d8fe8a98,2026-10-07T23:02:58+00:00,2026-10-07,LVA,GSV,GSV,Cecilia Zandalasini,1628508,player_points,8.22,"season PPG; L5 pts x0.45 + source pts x0.35, minutes x0.93",5.473,"player-fitted (n=38, shrunk to league)",6.5,over,-132,-101,draftkings,0.6233,0.531,True,0.0923,Strong,PLAY,True
4384d8fe8a98,2026-10-07T23:02:58+00:00,2026-10-07,LVA,GSV,GSV,Cecilia Zandalasini,1628508,player_rebounds,1.99,"season RPG; L5 reb x0.45, minutes x0.93",1.729,"player-fitted (n=38, shrunk to league)",1.5,over,-148,109,draftkings,0.6115,0.555,True,0.0565,Standard,PLAY,True
4384d8fe8a98,2026-10-07T23:02:58+00:00,2026-10-07,LVA,GSV,GSV,Cecilia Zandalasini,1628508,player_assists,1.45,"season APG; L5 ast x0.45, minutes x0.93",1.348,"player-fitted (n=38, shrunk to league)",1.5,under,-153,112,draftkings,0.5148,0.5618,True,-0.047,Pass,PASS,True
4384d8fe8a98,2026-10-07T23:02:58+00:00,2026-10-07,LVA,GSV,GSV,Cecilia Zandalasini,1628508,player_threes,1.23,"season fg3m history; L5 fg3m x0.45, minutes x0.93",1.327,"player-fitted (n=38, shrunk to league)",1.5,under,-242,174,draftkings,0.5806,0.6597,True,-0.0791,Pass,PASS,True
4384d8fe8a98,2026-10-07T23:02:58+00:00,2026-10-07,LVA,GSV,GSV,Tiffany Hayes,203026,player_points,9.43,"season PPG; L5 pts x0.45 + source pts x0.35, minutes x0.88",5.405,"player-fitted (n=42, shrunk to league)",7.5,over,-128,-104,draftkings,0.6395,0.5241,True,0.1154,Strong,PLAY,True
4384d8fe8a98,2026-10-07T23:02:58+00:00,2026-10-07,LVA,GSV,GSV,Tiffany Hayes,203026,player_rebounds,1.92,"season RPG; L5 reb x0.45, minutes x0.88",2.043,"player-fitted (n=42, shrunk to league)",,,,,,,,False,,,PROJ,False
4384d8fe8a98,2026-10-07T23:02:58+00:00,2026-10-07,LVA,GSV,GSV,Tiffany Hayes,203026,player_assists,2.71,"season APG; L5 ast x0.45, minutes x0.88",1.69,"player-fitted (n=42, shrunk to league)",,,,,,,,False,,,PROJ,False
4384d8fe8a98,2026-10-07T23:02:58+00:00,2026-10-07,LVA,GSV,GSV,Tiffany Hayes,203026,player_threes,0.62,"season fg3m history; L5 fg3m x0.45, minutes x0.88",0.808,"player-fitted (n=42, shrunk to league)",,,,,,,,False,,,PROJ,False
4384d8fe8a98,2026-10-07T23:02:58+00:00,2026-10-07,LVA,GSV,GSV,Kiah Stokes,204329,player_points,2.51,"season PPG; L5 pts x0.45, minutes x0.78",3.474,"player-fitted (n=43, shrunk to league)",3.5,under,-115,-115,draftkings,0.6122,0.5,True,0.1122,Strong,PLAY,True
4384d8fe8a98,2026-10-07T23:02:58+00:00,2026-10-07,LVA,GSV,GSV,Kiah Stokes,204329,player_rebounds,5.13,"season RPG; L5 reb x0.45, minutes x0.78",2.525,"player-fitted (n=43, shrunk to league)",6.5,under,111,-152,draftkings,0.7063,0.44,True,0.2663,Review,REVIEW,True
4384d8fe8a98,2026-10-07T23:02:58+00:00,2026-10-07,LVA,GSV,GSV,Kiah Stokes,204329,player_assists,1.11,"season APG; L5 ast x0.45, minutes x0.78",1.239,"player-fitted (n=43, shrunk to league)",1.5,under,-126,-108,draftkings,0.6235,0.5178,True,0.1057,Strong,PLAY,True
4384d8fe8a98,2026-10-07T23:02:58+00:00,2026-10-07,LVA,GSV,GSV,Kiah Stokes,204329,player_threes,0.27,"season fg3m history; L5 fg3m x0.45, minutes x0.78",0.735,"player-fitted (n=43, shrunk to league)",0.5,under,-232,167,draftkings,0.6229,0.6511,True,-0.0282,Pass,PASS,True
