abbr,ast,blk,dEfg,dFtRate,dOrb,dTov,drtg,efg,fg3a,fga,freeThrowEdge,ftRate,fta,glassEdge,gp,l,meanSeed,minutesTotal,name,net,oEfg,oFtRate,oOrb,oTov,orb,ortg,pace,pf,playoffOdds,plusMinus,possessionsTotal,projectedWins,ptsAgainst,ptsFor,reb,season,shotEdge,stl,tov,tovTotal,ts,turnoverEdge,w
GSV,851,178,47.9,31.6,30.6,19.2,99.0,49.9,0,2993,-4.1,27.1,811,1.5,44,12,3.740199999999999,1760,Golden State Valkyries,9.2,50.2,27.5,32.1,15.1,32.1,108.2,75.9,845,1,310,3341,29.953200000000006,3305,3615,1464,2026-27,2.3,344,15.1,505,54.0,4.1,32
MIN,962,197,50.4,27.9,32.1,19.0,103.7,54.2,0,3113,-2.9,24.5,764,0.0,44,11,1.0132,1760,Minnesota Lynx,8.6,54.3,25.0,32.1,16.4,32.1,112.3,81.0,807,1,316,3564,32.7706,3681,3997,1519,2026-27,3.9,384,16.4,583,57.9,2.6,33
ATL,944,144,53.3,32.2,26.4,19.5,103.5,50.5,0,3144,2.2,34.1,1073,8.9,44,14,2.9648,1760,Atlanta Dream,8.4,50.6,34.4,35.3,16.4,35.3,111.9,81.6,864,1,302,3590,30.198399999999996,3717,4019,1566,2026-27,-2.7,400,16.4,589,55.6,3.1,30
IND,910,169,51.8,31.8,29.5,16.1,108.2,56.2,0,3045,1.3,32.6,994,1.6,44,16,4.2904,1760,Indiana Fever,6.8,56.3,33.1,31.1,17.2,31.1,115.0,83.4,935,1,243,3670,29.352999999999994,3979,4222,1471,2026-27,4.5,310,17.2,630,60.6,-1.1,28
LVA,970,216,50.5,27.5,30.0,17.1,105.6,55.0,0,3008,2.0,29.3,881,-3.5,44,13,3.6782,1760,Las Vegas Aces,6.8,55.0,29.5,26.5,15.2,26.5,112.4,79.6,762,1,249,3502,30.1252,3776,4025,1471,2026-27,4.5,318,15.2,538,59.3,1.9,31
DAL,979,186,50.8,28.2,28.0,15.7,106.4,52.6,0,3125,-1.7000000000000002,26.2,818,3.2,44,17,6.5238,1760,Dallas Wings,4.9,52.7,26.5,31.2,15.0,31.2,111.3,80.3,805,1,182,3534,27.4904,3751,3933,1524,2026-27,1.9,300,15.0,531,56.4,0.7000000000000001,27
NYL,916,183,51.2,26.4,26.9,14.5,106.9,53.6,0,2961,4.8,30.7,909,4.6,44,18,6.1522,1760,New York Liberty,3.7,53.6,31.2,31.5,18.2,31.5,110.6,80.8,822,1,139,3556,27.943799999999992,3802,3941,1564,2026-27,2.4,267,18.2,647,58.6,-3.7,26
WAS,868,168,49.3,28.2,27.6,15.9,103.3,50.2,0,2884,10.1,37.9,1094,7.4,44,16,7.6372,1760,Washington Mystics,1.1,50.3,38.3,35.0,19.3,35.0,104.4,80.3,851,1,56,3535,26.743599999999994,3640,3696,1659,2026-27,1.0,244,19.3,681,54.9,-3.4,28
PHX,892,151,53.4,28.3,29.0,17.0,108.8,50.5,0,2886,7.4,35.0,1011,-1.8,44,28,10.7926,1760,Phoenix Mercury,-3.9,50.5,35.7,27.2,17.1,27.2,104.9,80.4,824,0,-142,3537,15.7644,3854,3712,1391,2026-27,-2.9,328,17.1,603,55.7,-0.1,16
CHI,949,207,50.8,33.9,31.5,16.4,108.5,49.7,0,3073,-1.4,32.4,995,-4.8,44,28,10.317599999999999,1760,Chicago Sky,-4.4,49.8,32.5,26.7,16.0,26.7,104.1,83.4,927,0,-171,3669,16.8046,3989,3818,1451,2026-27,-1.0,308,16.0,587,54.4,0.4,16
LAS,960,147,53.6,28.5,32.3,17.5,110.3,52.6,0,3001,0.7000000000000001,28.7,862,-5.1,44,28,11.292,1760,Los Angeles Sparks,-5.0,52.7,29.2,27.2,18.1,27.2,105.3,82.6,860,0,-188,3633,15.442,4018,3830,1365,2026-27,-0.9,340,18.1,659,56.7,-0.6000000000000001,16
PDX,898,158,53.4,36.4,34.5,18.1,112.4,52.4,0,2988,-8.5,27.5,823,-5.0,44,27,9.6156,1760,Portland Fire,-5.9,52.5,27.9,29.5,18.7,29.5,106.5,80.9,975,0,-211,3561,17.4578,4005,3794,1330,2026-27,-0.9,335,18.7,665,56.6,-0.6000000000000001,17
SEA,844,191,50.2,31.9,32.9,17.3,108.1,48.4,0,3061,-4.3,27.0,827,-3.2,44,36,14.975800000000001,1760,Seattle Storm,-8.0,48.2,27.6,29.7,18.3,29.7,100.1,80.2,871,0,-297,3528,8.850400000000002,3913,3616,1491,2026-27,-2.0,344,18.3,654,52.8,-1.0,8
TOR,856,132,54.8,30.7,33.7,15.7,116.2,50.4,0,2999,0.6000000000000001,30.8,924,-3.9,44,33,13.9694,1760,Toronto Tempo,-11.1,50.5,31.3,29.8,18.0,29.8,105.1,81.4,919,0,-383,3580,11.2002,4152,3769,1411,2026-27,-4.3,305,18.0,642,55.3,-2.3,11
CON,839,195,52.6,36.9,31.2,17.8,109.1,46.8,0,3015,-6.2,30.2,912,0.1,44,33,13.037,1760,Connecticut Sun,-11.5,46.9,30.7,31.3,18.1,31.3,97.6,80.6,982,0,-405,3548,12.4624,3875,3470,1434,2026-27,-5.7,346,18.1,641,50.8,-0.30000000000000004,11
