team,split_type,split_value,games,pts_avg,opp_pts_avg,margin_avg,pace_avg,total_avg,win_rate,efg_avg,tov_rate_proxy_avg,three_rate_avg,ft_rate_avg
ATL,home_away,away,22,88.72727272727273,81.86363636363636,6.863636363636363,80.72727272727273,170.5909090909091,0.6818181818181818,0.4926011564989492,0.12910741371744877,0.3767191442164895,0.3298682655788745
ATL,home_away,home,22,93.95454545454545,87.0909090909091,6.863636363636363,82.5,181.04545454545453,0.6818181818181818,0.5194669103432425,0.13514116264410456,0.3934863913626611,0.3580399398884639
ATL,month,Aug,12,94.08333333333333,86.75,7.333333333333333,82.75,180.83333333333334,0.6666666666666666,0.5182554005501187,0.1362103873270035,0.4035962275746137,0.3145588351169688
ATL,month,Jul,9,91.66666666666667,88.22222222222223,3.4444444444444446,83.33333333333333,179.88888888888889,0.6666666666666666,0.4877302597486371,0.14615326294497916,0.37040868366878077,0.38299205816140186
ATL,month,Jun,12,90.91666666666667,86.25,4.666666666666667,80.41666666666667,177.16666666666666,0.5833333333333334,0.4993280428714404,0.11891302565036783,0.36543046699927356,0.3632284682068802
ATL,month,May,7,83.85714285714286,79.71428571428571,4.142857142857143,79.78571428571429,163.57142857142858,0.7142857142857143,0.49652807189969567,0.15999293114676624,0.3904253727496079,0.31756535325022256
ATL,month,Sep,4,96.75,72.25,24.5,81.125,169.0,1.0,0.5473068271084767,0.07916445992338512,0.4123864213970956,0.33266172104777064
ATL,opponent,CHI,3,93.66666666666667,82.33333333333333,11.333333333333334,82.33333333333333,176.0,1.0,0.5255148005148005,0.14762541293200962,0.37738663032780684,0.3350669997728821
ATL,opponent,CON,3,99.33333333333333,67.66666666666667,31.666666666666668,78.16666666666667,167.0,1.0,0.561070421884386,0.09957799092655795,0.4423047302188747,0.3594450348874821
ATL,opponent,DAL,3,81.66666666666667,74.0,7.666666666666667,79.66666666666667,155.66666666666666,1.0,0.4962677263518778,0.1540662625203465,0.3162559273358712,0.27106569603063296
ATL,opponent,GSV,3,74.66666666666667,81.0,-6.333333333333333,77.83333333333333,155.66666666666666,0.0,0.4214933853459973,0.15165204875002491,0.32456561887532037,0.4155783582089552
ATL,opponent,IND,4,95.75,93.75,2.0,85.0,189.5,0.5,0.48811381190547787,0.11442633987995218,0.32238657586932784,0.3925071256917955
ATL,opponent,LAS,3,101.0,83.66666666666667,17.333333333333332,83.0,184.66666666666666,1.0,0.5815981735159818,0.15418694312835243,0.3771131405377981,0.2735413495687468
ATL,opponent,LVA,3,89.33333333333333,92.0,-2.6666666666666665,83.33333333333333,181.33333333333334,0.3333333333333333,0.45927283640962974,0.12010222814273232,0.319670718374172,0.38459922395866825
ATL,opponent,MIN,3,87.0,89.0,-2.0,82.16666666666667,176.0,0.6666666666666666,0.5199033328880908,0.18640486635470854,0.4604085348056022,0.2847652829516615
ATL,opponent,NYL,3,89.33333333333333,84.33333333333333,5.0,78.83333333333333,173.66666666666666,0.6666666666666666,0.4972862957937585,0.05629634369877116,0.4197075229911051,0.3341887962783485
ATL,opponent,PDX,3,87.0,89.66666666666667,-2.6666666666666665,79.16666666666667,176.66666666666666,0.3333333333333333,0.4793523888428611,0.15573180767454717,0.4353217343275338,0.31738193869096937
ATL,opponent,PHX,3,92.33333333333333,83.66666666666667,8.666666666666666,80.5,176.0,1.0,0.5508993070912576,0.12514103861718964,0.4512605042016807,0.2540689960194604
ATL,opponent,SEA,3,92.33333333333333,90.66666666666667,1.6666666666666667,86.66666666666667,183.0,0.6666666666666666,0.478968253968254,0.1544057510635473,0.3938822751322751,0.4473048941798942
ATL,opponent,TOR,4,103.5,87.75,15.75,82.75,191.25,1.0,0.5612354395289813,0.10653773239459774,0.41558207909118244,0.33401770850242163
ATL,opponent,WAS,3,86.33333333333333,79.0,7.333333333333333,81.66666666666667,165.33333333333334,0.3333333333333333,0.4510732323232323,0.1380134364765367,0.34633838383838383,0.39895382395382395
ATL,overall,all,44,91.3409090909091,84.47727272727273,6.863636363636363,81.61363636363636,175.8181818181818,0.6818181818181818,0.5060340334210958,0.13212428818077662,0.38510276778957525,0.3439541027336693
ATL,result,L,14,81.64285714285714,91.64285714285714,-10.0,81.07142857142857,173.28571428571428,0.0,0.43826331328269086,0.13775078955600878,0.3653809679309759,0.35048522282596195
ATL,result,W,30,95.86666666666666,81.13333333333334,14.733333333333333,81.86666666666666,177.0,1.0,0.537660369485685,0.12949858753900167,0.394306274390255,0.3409062466905993
CHI,home_away,away,22,83.13636363636364,90.31818181818181,-7.181818181818182,83.95454545454545,173.45454545454547,0.22727272727272727,0.47146960080061023,0.1411449316673934,0.3193773201272539,0.34042178052004046
CHI,home_away,home,22,90.4090909090909,91.0,-0.5909090909090909,82.95454545454545,181.4090909090909,0.5,0.5239103030912878,0.13291881328077781,0.34795307862576874,0.31018701552177513
CHI,month,Aug,12,84.16666666666667,89.66666666666667,-5.5,83.29166666666667,173.83333333333334,0.4166666666666667,0.48845326124803995,0.13945364091893653,0.32837695989602306,0.2911268662503328
CHI,month,Jul,9,90.55555555555556,90.0,0.5555555555555556,84.0,180.55555555555554,0.4444444444444444,0.5224390048447379,0.13388752056993838,0.350957812571733,0.30408001692275466
CHI,month,Jun,11,89.0909090909091,91.9090909090909,-2.8181818181818183,83.0909090909091,181.0,0.2727272727272727,0.5111223734518245,0.14825725284634003,0.3198845048866599,0.3721093937741269
CHI,month,May,8,82.75,86.25,-3.5,82.625,169.0,0.375,0.4512308469252777,0.11907955011528493,0.338858328775938,0.3706957627441294
CHI,month,Sep,4,87.75,100.5,-12.75,85.375,188.25,0.25,0.5256937059175866,0.14187620761776581,0.3381321891769653,0.2560953830356816
CHI,opponent,ATL,3,82.33333333333333,93.66666666666667,-11.333333333333334,82.33333333333333,176.0,0.0,0.5293344597765888,0.16696859893773328,0.298319722143997,0.3512625551487844
CHI,opponent,CON,4,80.75,86.75,-6.0,81.375,167.5,0.5,0.43898018469297345,0.12714959602745515,0.3452252152479611,0.3511935187078307
CHI,opponent,DAL,3,90.66666666666667,96.0,-5.333333333333333,80.33333333333333,186.66666666666666,0.0,0.5210068704098555,0.10886643414053115,0.3117791992418858,0.31527600094764274
CHI,opponent,GSV,3,71.0,74.66666666666667,-3.6666666666666665,77.33333333333333,145.66666666666666,0.6666666666666666,0.46339476631707566,0.14982794614409747,0.36108188424653137,0.2682460487164693
CHI,opponent,IND,3,94.0,105.66666666666667,-11.666666666666666,86.66666666666667,199.66666666666666,0.0,0.5151012315334565,0.14523040017401842,0.31318851651332474,0.3446669840531733
CHI,opponent,LAS,3,92.66666666666667,90.66666666666667,2.0,84.83333333333333,183.33333333333334,0.6666666666666666,0.5362026959738228,0.12981224936766922,0.3517143263622137,0.26591264760278843
CHI,opponent,LVA,3,91.0,96.0,-5.0,87.16666666666667,187.0,0.3333333333333333,0.4859702797202798,0.14150625029137084,0.28914418914418916,0.3583791208791209
CHI,opponent,MIN,3,73.0,81.0,-8.0,85.66666666666667,154.0,0.3333333333333333,0.39004342280768367,0.1481469417570197,0.37477972174353286,0.34707869653688506
CHI,opponent,NYL,4,87.0,90.5,-3.5,83.625,177.5,0.25,0.5005166210149273,0.11809816272703577,0.31171899058331576,0.2645626347266568
CHI,opponent,PDX,3,107.66666666666667,85.0,22.666666666666668,81.5,192.66666666666666,1.0,0.6196717817561807,0.1253518080104635,0.3111679454390452,0.421994884910486
CHI,opponent,PHX,3,87.0,87.66666666666667,-0.6666666666666666,82.66666666666667,174.66666666666666,0.3333333333333333,0.5104281101235061,0.1331533308683742,0.36703951529678086,0.3446269849196045
CHI,opponent,SEA,3,88.33333333333333,89.0,-0.6666666666666666,87.66666666666667,177.33333333333334,0.6666666666666666,0.4685435435435436,0.15033428421670705,0.33895895895895894,0.33521521521521525
CHI,opponent,TOR,3,89.66666666666667,93.66666666666667,-4.0,84.16666666666667,183.33333333333334,0.3333333333333333,0.5088888888888888,0.1328887583020609,0.4082051282051282,0.29777777777777775
CHI,opponent,WAS,3,81.66666666666667,100.33333333333333,-18.666666666666668,83.66666666666667,182.0,0.0,0.4982041700791701,0.15071678240388856,0.2924515424515424,0.29968604968604967
CHI,overall,all,44,86.77272727272727,90.6590909090909,-3.8863636363636362,83.45454545454545,177.4318181818182,0.36363636363636365,0.49768995194594917,0.1370318724740856,0.3336651993765113,0.32530439802090777
CHI,result,L,28,84.60714285714286,96.21428571428571,-11.607142857142858,83.80357142857143,180.82142857142858,0.0,0.48101836009697413,0.13762170065696563,0.32792801300196855,0.33189769844615463
CHI,result,W,16,90.5625,80.9375,9.625,82.84375,171.5,1.0,0.5268652376816552,0.1359996731540455,0.3437052755319612,0.3137661222767258
CON,home_away,away,22,76.9090909090909,90.81818181818181,-13.909090909090908,81.0,167.72727272727272,0.13636363636363635,0.46183596677058286,0.16002410221910549,0.3057050158602344,0.2974766639468274
CON,home_away,home,22,80.81818181818181,85.31818181818181,-4.5,80.27272727272727,166.13636363636363,0.36363636363636365,0.4757315521247222,0.14059752327201516,0.2825542313209163,0.3171278961247582
CON,month,Aug,11,75.0909090909091,88.54545454545455,-13.454545454545455,80.5909090909091,163.63636363636363,0.2727272727272727,0.4419374278982265,0.14096183534096768,0.3373106691697761,0.2823632618050776
CON,month,Jul,10,82.6,89.1,-6.5,80.5,171.7,0.3,0.4921003821008482,0.16380238360054472,0.2638579161354664,0.34269145665495315
CON,month,Jun,9,83.33333333333333,85.0,-1.6666666666666667,80.44444444444444,168.33333333333334,0.2222222222222222,0.48775264394803397,0.1258009941337336,0.25188028848013055,0.3318975428921078
CON,month,May,10,75.6,88.1,-12.5,80.9,163.7,0.2,0.4454022234062588,0.1607945943929878,0.2926773998821449,0.30982663098236607
CON,month,Sep,4,78.0,91.0,-13.0,80.875,169.0,0.25,0.5000934645532104,0.17122921122877055,0.34975258015512256,0.22576141982921644
CON,opponent,ATL,3,67.66666666666667,99.33333333333333,-31.666666666666668,78.16666666666667,167.0,0.0,0.4143856143856144,0.14907864780435662,0.30083250083250085,0.35634365634365633
CON,opponent,CHI,4,86.75,80.75,6.0,81.375,167.5,0.5,0.4898615574041263,0.14022289766459337,0.26188774437670803,0.35310144448782244
CON,opponent,DAL,3,72.33333333333333,88.66666666666667,-16.333333333333332,79.5,161.0,0.0,0.42124086332038435,0.13298229113023843,0.28459053192939415,0.34742490458665576
CON,opponent,GSV,3,66.0,88.33333333333333,-22.333333333333332,77.16666666666667,154.33333333333334,0.0,0.4129950097844579,0.1831097333353856,0.342757086986529,0.37411989582179506
CON,opponent,IND,3,84.66666666666667,106.33333333333333,-21.666666666666668,83.83333333333333,191.0,0.0,0.4911359093937375,0.13553820001162278,0.28275075875342365,0.16030868310015545
CON,opponent,LAS,3,79.0,78.33333333333333,0.6666666666666666,83.0,157.33333333333334,0.6666666666666666,0.4587587377160638,0.16187702662803438,0.2738988725955302,0.286953129290737
CON,opponent,LVA,3,80.33333333333333,100.0,-19.666666666666668,83.66666666666667,180.33333333333334,0.0,0.45,0.15611695217378124,0.27936875367430924,0.2697641093474427
CON,opponent,MIN,3,86.33333333333333,92.0,-5.666666666666667,80.5,178.33333333333334,0.3333333333333333,0.5505755073551684,0.1744824881606427,0.35189838410177393,0.39227081769454647
CON,opponent,NYL,3,76.66666666666667,92.33333333333333,-15.666666666666666,82.5,169.0,0.0,0.4353734768498301,0.12594839279395234,0.2945367825245545,0.2792175096976392
CON,opponent,PDX,3,77.66666666666667,80.33333333333333,-2.6666666666666665,76.66666666666667,158.0,0.3333333333333333,0.5011431577392097,0.1796813140205915,0.28837507292008974,0.323602163274768
CON,opponent,PHX,3,78.0,75.66666666666667,2.3333333333333335,79.83333333333333,153.66666666666666,0.6666666666666666,0.5046994046836231,0.1924137425588951,0.2940371919303506,0.3372655777374471
CON,opponent,SEA,3,73.66666666666667,81.33333333333333,-7.666666666666667,80.0,155.0,0.3333333333333333,0.44481575587960914,0.144471559530055,0.2890132731051865,0.254429141912571
CON,opponent,TOR,3,98.0,96.0,2.0,85.66666666666667,194.0,0.3333333333333333,0.5225225225225225,0.12614256224701514,0.3082029397818871,0.3572783309625415
CON,opponent,WAS,4,75.5,79.0,-3.5,77.75,154.5,0.25,0.4610253267973856,0.11681385974064204,0.28084150326797386,0.22299019607843137
CON,overall,all,44,78.86363636363636,88.06818181818181,-9.204545454545455,80.63636363636364,166.9318181818182,0.25,0.4687837594476525,0.15031081274556035,0.2941296235905754,0.30730228003579274
CON,result,L,33,76.60606060606061,91.6969696969697,-15.090909090909092,80.5909090909091,168.3030303030303,0.0,0.45271508517439685,0.15278252620835234,0.30715397358038116,0.30590601809007706
CON,result,W,11,85.63636363636364,77.18181818181819,8.454545454545455,80.77272727272727,162.8181818181818,1.0,0.5169897822674194,0.14289567235718423,0.25505657362115797,0.31149106587293995
DAL,home_away,away,22,90.0,90.77272727272727,-0.7727272727272727,80.52272727272727,180.77272727272728,0.5,0.5349538731219435,0.12176718487842324,0.3548848540559135,0.2445933241342768
DAL,home_away,home,22,88.77272727272727,79.72727272727273,9.045454545454545,79.88636363636364,168.5,0.7272727272727273,0.5190314566988756,0.12266568659015174,0.31732888621383304,0.28528864741051085
DAL,month,Aug,11,88.0,84.0,4.0,78.72727272727273,172.0,0.5454545454545454,0.533114685828841,0.1366153544154758,0.33184038148082134,0.3147639613007305
DAL,month,Jul,10,91.2,86.3,4.9,79.75,177.5,0.7,0.5337345930723909,0.11330780829608234,0.3386653675385672,0.23642811268857847
DAL,month,Jun,11,88.0909090909091,86.27272727272727,1.8181818181818181,82.27272727272727,174.36363636363637,0.5454545454545454,0.503809265610975,0.118458661982335,0.32635535013874123,0.22634578865143862
DAL,month,May,8,88.875,84.75,4.125,78.9375,173.625,0.625,0.5343800022038752,0.11590114304172366,0.35476281383112807,0.27861313065450766
DAL,month,Sep,4,93.25,84.25,9.0,82.25,177.5,0.75,0.5422819604662839,0.12785544115952943,0.33094826302113506,0.27800248809740546
DAL,opponent,ATL,3,74.0,81.66666666666667,-7.666666666666667,79.66666666666667,155.66666666666666,0.0,0.45279123674001576,0.13912885429331157,0.31731135542928274,0.18561384493486935
DAL,opponent,CHI,3,96.0,90.66666666666667,5.333333333333333,80.33333333333333,186.66666666666666,1.0,0.5410159817351597,0.09395149634985434,0.3224885844748859,0.28681633688483005
DAL,opponent,CON,3,88.66666666666667,72.33333333333333,16.333333333333332,79.5,161.0,1.0,0.5559192275944195,0.1439427671371334,0.29906358678737194,0.295132545771932
DAL,opponent,GSV,3,75.33333333333333,87.66666666666667,-12.333333333333334,76.66666666666667,163.0,0.0,0.47520103355580273,0.14715381951755738,0.37542871709306636,0.3738413051538747
DAL,opponent,IND,3,95.0,95.66666666666667,-0.6666666666666666,82.0,190.66666666666666,0.6666666666666666,0.5559764309764309,0.12034308290109613,0.33375420875420875,0.33880471380471383
DAL,opponent,LAS,3,97.0,85.0,12.0,84.5,182.0,1.0,0.5714047305351654,0.15890595620425474,0.3333458811719681,0.2319317397578267
DAL,opponent,LVA,3,91.66666666666667,84.0,7.666666666666667,80.83333333333333,175.66666666666666,0.6666666666666666,0.5435148202648729,0.11012539295521144,0.3409081353794408,0.2842347618046588
DAL,opponent,MIN,4,82.25,94.5,-12.25,81.375,176.75,0.0,0.48562059959118786,0.15224755547732555,0.305574041197395,0.20567393685260235
DAL,opponent,NYL,3,92.33333333333333,84.0,8.333333333333334,80.66666666666667,176.33333333333334,0.6666666666666666,0.5409919028340081,0.09154607855814416,0.3724696356275304,0.23340080971659918
DAL,opponent,PDX,3,93.33333333333333,86.33333333333333,7.0,78.0,179.66666666666666,0.6666666666666666,0.5463561387474432,0.1263981462849936,0.38095704400052227,0.291030160595378
DAL,opponent,PHX,3,86.0,79.66666666666667,6.333333333333333,81.5,165.66666666666666,0.6666666666666666,0.5048851668569978,0.12092816852469045,0.3054815378759041,0.2542190077401345
DAL,opponent,SEA,4,96.5,81.75,14.75,82.5,178.25,1.0,0.548136161320089,0.11344640029805216,0.2969148275897991,0.2325894920545629
DAL,opponent,TOR,3,97.0,86.33333333333333,10.666666666666666,78.16666666666667,183.33333333333334,1.0,0.5383869583869584,0.09536851750678621,0.3608665808665809,0.2806263406263406
DAL,opponent,WAS,3,86.33333333333333,82.0,4.333333333333333,76.0,168.33333333333334,0.3333333333333333,0.5244397759103642,0.09045683616934612,0.3841736694677871,0.2457983193277311
DAL,overall,all,44,89.38636363636364,85.25,4.136363636363637,80.20454545454545,174.63636363636363,0.6136363636363636,0.5269926649104096,0.1222164357342875,0.3361068701348733,0.26494098577239383
DAL,result,L,17,81.29411764705883,90.0,-8.705882352941176,79.79411764705883,171.2941176470588,0.0,0.4823925594649758,0.12761717909576453,0.3399095884907939,0.25806372672276673
DAL,result,W,27,94.48148148148148,82.25925925925925,12.222222222222221,80.46296296296296,176.74074074074073,1.0,0.5550742127834605,0.11881596769187601,0.33371256598484916,0.2692711118406776
GSV,home_away,away,22,81.86363636363636,75.5909090909091,6.2727272727272725,75.79545454545455,157.45454545454547,0.6818181818181818,0.4994853702967296,0.11725260368579155,0.4426828589263911,0.26758357743144146
GSV,home_away,home,22,82.45454545454545,74.63636363636364,7.818181818181818,75.95454545454545,157.0909090909091,0.7727272727272727,0.5038356251473274,0.12199922622054159,0.4484248129642518,0.28281656496435853
GSV,month,Aug,12,83.75,72.0,11.75,75.0,155.75,0.8333333333333334,0.5197784264193357,0.11402298978510161,0.4433090022488198,0.23592477069148007
GSV,month,Jul,8,80.625,74.5,6.125,74.625,155.125,0.75,0.5216803291266698,0.1276975204353431,0.45622781529158407,0.2617248874407612
GSV,month,Jun,12,80.75,76.66666666666667,4.083333333333333,75.04166666666667,157.41666666666666,0.6666666666666666,0.4959218168212107,0.1236345633728911,0.4675774567775857,0.2942538676330785
GSV,month,May,8,85.75,79.625,6.125,78.5625,165.375,0.625,0.48407661528867385,0.11263135512514716,0.422537342221172,0.30920965469774153
GSV,month,Sep,4,77.5,72.0,5.5,78.125,149.5,0.75,0.4596508563899868,0.12225465388987328,0.4109025032938077,0.2947957839262187
GSV,opponent,ATL,3,81.0,74.66666666666667,6.333333333333333,77.83333333333333,155.66666666666666,1.0,0.5368359813834055,0.17043651633635123,0.46521157652597234,0.28565238324506503
GSV,opponent,CHI,3,74.66666666666667,71.0,3.6666666666666665,77.33333333333333,145.66666666666666,0.3333333333333333,0.43476190476190474,0.12330068656146315,0.3314285714285714,0.3028571428571429
GSV,opponent,CON,3,88.33333333333333,66.0,22.333333333333332,77.16666666666667,154.33333333333334,1.0,0.5857251576429658,0.15301426984641975,0.3829600637819816,0.2566101326375299
GSV,opponent,DAL,3,87.66666666666667,75.33333333333333,12.333333333333334,76.66666666666667,163.0,1.0,0.5210615545122587,0.11759128006906298,0.45856621208733883,0.29217899992547874
GSV,opponent,IND,3,86.66666666666667,84.33333333333333,2.3333333333333335,81.33333333333333,171.0,0.6666666666666666,0.5074471167777456,0.1456512050814833,0.3456341157152516,0.3980102385781899
GSV,opponent,LAS,3,79.33333333333333,70.33333333333333,9.0,74.16666666666667,149.66666666666666,1.0,0.48517786561264825,0.12078742304240446,0.35726833552920506,0.24088713219148003
GSV,opponent,LVA,3,77.66666666666667,89.0,-11.333333333333334,76.33333333333333,166.66666666666666,0.0,0.4554825347735796,0.11594849895970266,0.4689484260379783,0.24483251908625045
GSV,opponent,MIN,4,76.25,77.75,-1.5,74.875,154.0,0.25,0.4526327920972102,0.09781943423713133,0.49317271467938634,0.15421046907333044
GSV,opponent,NYL,3,80.66666666666667,65.66666666666667,15.0,71.83333333333333,146.33333333333334,1.0,0.4948717948717949,0.08073427917913535,0.46283856988082345,0.24723726977248103
GSV,opponent,PDX,4,86.25,75.5,10.75,77.375,161.75,0.75,0.528105358647055,0.12150421784940182,0.5152622086870127,0.326513531609754
GSV,opponent,PHX,3,90.33333333333333,83.66666666666667,6.666666666666667,76.16666666666667,174.0,0.6666666666666666,0.5336615026678514,0.097731468757142,0.4673858919380664,0.32589103662017777
GSV,opponent,SEA,3,79.0,69.66666666666667,9.333333333333334,74.5,148.66666666666666,1.0,0.4621805600066469,0.1205437259434994,0.479139218269653,0.2732317297534689
GSV,opponent,TOR,3,90.33333333333333,78.33333333333333,12.0,75.66666666666667,168.66666666666666,1.0,0.5614120069026066,0.1290932366073816,0.4784571059509754,0.345975497764726
GSV,opponent,WAS,3,72.66666666666667,69.33333333333333,3.3333333333333335,70.83333333333333,142.0,0.6666666666666666,0.4714184523506557,0.08724929281368597,0.49237160889703263,0.18193829422642982
GSV,overall,all,44,82.1590909090909,75.11363636363636,7.045454545454546,75.875,157.27272727272728,0.7272727272727273,0.5016604977220284,0.11962591495316653,0.44555383594532144,0.2752000711979
GSV,result,L,12,77.16666666666667,84.58333333333333,-7.416666666666667,77.45833333333333,161.75,0.0,0.4387845145941178,0.11106955930286248,0.43768552741844174,0.25077666190588427
GSV,result,W,32,84.03125,71.5625,12.46875,75.28125,155.59375,1.0,0.5252389913949949,0.12283454832203056,0.44850445164290137,0.2843588496824059
IND,home_away,away,22,92.81818181818181,90.31818181818181,2.5,81.81818181818181,183.13636363636363,0.5909090909090909,0.5584293863759716,0.1376987053968066,0.3974253379368289,0.3022222644586065
IND,home_away,home,22,99.0909090909091,90.54545454545455,8.545454545454545,85.11363636363636,189.63636363636363,0.6818181818181818,0.5681456478650323,0.1508001380636724,0.37354374330283463,0.3590958410021312
IND,month,Aug,11,98.63636363636364,93.27272727272727,5.363636363636363,84.0909090909091,191.9090909090909,0.6363636363636364,0.5916534730641995,0.12345110861259578,0.3532301026419394,0.2862886993590688
IND,month,Jul,10,101.0,90.2,10.8,82.3,191.2,0.8,0.5836873431614726,0.13140603532434228,0.38129428342862537,0.331748935323411
IND,month,Jun,11,95.54545454545455,90.72727272727273,4.818181818181818,84.27272727272727,186.27272727272728,0.6363636363636364,0.5687680083094914,0.1679789351708538,0.3960907769251657,0.34653629995286417
IND,month,May,8,91.75,89.0,2.75,84.625,180.75,0.5,0.5131872700151054,0.15734987468007194,0.3981270834271925,0.3660466783675432
IND,month,Sep,4,85.5,85.25,0.25,80.125,170.75,0.5,0.5194107166139789,0.14209618095714852,0.4302076525826617,0.3355151368826277
IND,opponent,ATL,4,93.75,95.75,-2.0,85.0,189.5,0.5,0.5633933507067835,0.16220794413532527,0.35268103924820343,0.3239490378793861
IND,opponent,CHI,3,105.66666666666667,94.0,11.666666666666666,86.66666666666667,199.66666666666666,1.0,0.5716525734402592,0.11753650467429876,0.3543633370706059,0.26471586743237957
IND,opponent,CON,3,106.33333333333333,84.66666666666667,21.666666666666668,83.83333333333333,191.0,1.0,0.6511955157962713,0.15286248145244832,0.40320517332493155,0.3863167879444011
IND,opponent,DAL,3,95.66666666666667,95.0,0.6666666666666666,82.0,190.66666666666666,0.3333333333333333,0.5382980382980384,0.10800221521006621,0.3281658281658282,0.2807807807807808
IND,opponent,GSV,3,84.33333333333333,86.66666666666667,-2.3333333333333335,81.33333333333333,171.0,0.3333333333333333,0.49414484437997014,0.15947275067308553,0.3897981282974127,0.3289315544478088
IND,opponent,LAS,3,96.66666666666667,90.33333333333333,6.333333333333333,86.33333333333333,187.0,0.6666666666666666,0.5634525783779515,0.1559865016051235,0.4004436691003855,0.3556172959158033
IND,opponent,LVA,3,92.33333333333333,76.33333333333333,16.0,81.5,168.66666666666666,0.6666666666666666,0.5589667210167649,0.13465434388583405,0.360987081399724,0.28787783770224507
IND,opponent,MIN,3,87.33333333333333,90.33333333333333,-3.0,81.5,177.66666666666666,0.3333333333333333,0.5368297242793617,0.14690627866723724,0.40133191785085415,0.31300176082609604
IND,opponent,NYL,4,97.75,93.0,4.75,83.75,190.75,0.5,0.5995471014492754,0.13301806674288852,0.3716916839199448,0.29732142857142857
IND,opponent,PDX,3,95.33333333333333,90.33333333333333,5.0,83.16666666666667,185.66666666666666,0.6666666666666666,0.5280104255272743,0.16041830592238468,0.4191312787628956,0.5237300704486466
IND,opponent,PHX,3,95.66666666666667,92.33333333333333,3.3333333333333335,81.0,188.0,0.6666666666666666,0.5917027417027417,0.14993529565991306,0.4420183982683983,0.2946203102453102
IND,opponent,SEA,3,101.33333333333333,93.33333333333333,8.0,83.16666666666667,194.66666666666666,1.0,0.5622106481481481,0.14387506024701283,0.33595909342178,0.3883879215035932
IND,opponent,TOR,3,105.66666666666667,90.33333333333333,15.333333333333334,84.16666666666667,196.0,1.0,0.645399880075575,0.15252623283472513,0.42244510063469437,0.35918609781760175
IND,opponent,WAS,3,85.66666666666667,91.0,-5.333333333333333,84.5,176.66666666666666,0.3333333333333333,0.4690992905169267,0.1398475333737648,0.4300939585691576,0.23813919971299027
IND,overall,all,44,95.95454545454545,90.43181818181819,5.5227272727272725,83.4659090909091,186.38636363636363,0.6363636363636364,0.5632875171205018,0.1442494217302395,0.3854845406198317,0.33065905273036883
IND,result,L,16,90.0,98.9375,-8.9375,84.3125,188.9375,0.0,0.5232017359890779,0.15024169762005876,0.37648592657625546,0.3093082648535209
IND,result,W,28,99.35714285714286,85.57142857142857,13.785714285714286,82.98214285714286,184.92857142857142,1.0,0.5861936777670298,0.14082526407891421,0.3906266057875897,0.3428595029457105
LAS,home_away,away,22,86.9090909090909,92.0,-5.090909090909091,82.70454545454545,178.9090909090909,0.36363636363636365,0.5201411254436543,0.15353912696509367,0.38096850335638793,0.27922298813613416
LAS,home_away,home,22,87.18181818181819,90.63636363636364,-3.4545454545454546,82.63636363636364,177.8181818181818,0.36363636363636365,0.533934574805134,0.16323753917856243,0.37926039071947987,0.3049578154656571
LAS,month,Aug,13,83.84615384615384,87.07692307692308,-3.230769230769231,81.8076923076923,170.92307692307693,0.38461538461538464,0.532020629169887,0.165586412105221,0.3748695705135359,0.26403076557722194
LAS,month,Jul,9,89.55555555555556,93.66666666666667,-4.111111111111111,85.11111111111111,183.22222222222223,0.2222222222222222,0.5421685997156348,0.16604724001117843,0.3810747099566031,0.24453780209459128
LAS,month,Jun,10,87.6,95.0,-7.4,82.75,182.6,0.4,0.48267406653425915,0.12867504464453866,0.39560324523388946,0.32795237912789393
LAS,month,May,8,90.25,93.375,-3.125,81.75,183.625,0.5,0.5621899104691268,0.17954543499946649,0.37458647005046064,0.35538933721998944
LAS,month,Sep,4,84.0,86.5,-2.5,81.625,170.5,0.25,0.517404969932123,0.14973105281270935,0.3673336626602791,0.274024754711336
LAS,opponent,ATL,3,83.66666666666667,101.0,-17.333333333333332,83.0,184.66666666666666,0.0,0.5191256830601093,0.17998325702894094,0.3564962074871543,0.31123073158796183
LAS,opponent,CHI,3,90.66666666666667,92.66666666666667,-2.0,84.83333333333333,183.33333333333334,0.3333333333333333,0.5447785186949273,0.15208276380497635,0.38694530443756453,0.281777407319203
LAS,opponent,CON,3,78.33333333333333,79.0,-0.6666666666666666,83.0,157.33333333333334,0.3333333333333333,0.5077842100247761,0.2099786899712847,0.3228035067657709,0.37060165332570993
LAS,opponent,DAL,3,85.0,97.0,-12.0,84.5,182.0,0.0,0.5168520144376159,0.15486902980656103,0.34908226589525976,0.2395957617643307
LAS,opponent,GSV,3,70.33333333333333,79.33333333333333,-9.0,74.16666666666667,149.66666666666666,0.0,0.4549486461251167,0.14901281190914142,0.3868347338935574,0.22749766573295985
LAS,opponent,IND,3,90.33333333333333,96.66666666666667,-6.333333333333333,86.33333333333333,187.0,0.3333333333333333,0.5088695078701742,0.14140831567472145,0.2586875704797091,0.32149610697245606
LAS,opponent,LVA,4,81.75,92.0,-10.25,80.875,173.75,0.25,0.4924751243781095,0.1621650833765395,0.3743876769996173,0.25214313050133946
LAS,opponent,MIN,3,86.33333333333333,92.33333333333333,-6.0,82.66666666666667,178.66666666666666,0.3333333333333333,0.5291101055806938,0.17709289579686313,0.4056812468577175,0.35364504776269484
LAS,opponent,NYL,3,96.0,98.33333333333333,-2.3333333333333335,83.16666666666667,194.33333333333334,0.3333333333333333,0.6114561640347297,0.14096227552966953,0.4054944518280537,0.14763701246376507
LAS,opponent,PDX,3,100.0,85.66666666666667,14.333333333333334,83.16666666666667,185.66666666666666,1.0,0.5839426523297492,0.14615759892585475,0.4181362007168459,0.31591397849462366
LAS,opponent,PHX,4,94.25,92.5,1.75,85.25,186.75,0.5,0.530381827776013,0.16282535127026987,0.44070304481696887,0.30804663445090663
LAS,opponent,SEA,3,80.66666666666667,79.66666666666667,1.0,84.66666666666667,160.33333333333334,0.6666666666666666,0.44804589626507435,0.15272643007140463,0.4458260156890294,0.28216836436014514
LAS,opponent,TOR,3,97.33333333333333,108.66666666666667,-11.333333333333334,82.16666666666667,206.0,0.3333333333333333,0.5952765804597702,0.1401046716569904,0.4049834863412449,0.3837466412897448
LAS,opponent,WAS,3,83.33333333333333,83.0,0.3333333333333333,79.33333333333333,166.33333333333334,0.6666666666666666,0.5458892200695479,0.14532956534799046,0.3472532704090081,0.30176250206987915
LAS,overall,all,44,87.04545454545455,91.31818181818181,-4.2727272727272725,82.67045454545455,178.36363636363637,0.36363636363636365,0.5270378501243941,0.15838833307182806,0.38011444703793384,0.29209040180089557
LAS,result,L,28,81.85714285714286,93.89285714285714,-12.035714285714286,82.16071428571429,175.75,0.0,0.49474515209843295,0.16316714579787855,0.3762219845676178,0.2970954033161866
LAS,result,W,16,96.125,86.8125,9.3125,83.5625,182.9375,1.0,0.5835500716698262,0.15002541080123966,0.3869262563609871,0.28333164914913633
LVA,home_away,away,22,92.9090909090909,86.0909090909091,6.818181818181818,81.6590909090909,179.0,0.7272727272727273,0.5598733795665848,0.1354703800524125,0.3227284052775606,0.28405053088403764
LVA,home_away,home,22,90.04545454545455,85.54545454545455,4.5,77.5,175.5909090909091,0.6818181818181818,0.5431446120312114,0.13278395453035796,0.3802071966731575,0.3180114947491324
LVA,month,Aug,12,88.0,86.16666666666667,1.8333333333333333,81.625,174.16666666666666,0.5833333333333334,0.5156402315910662,0.1365479721180973,0.36299217681517887,0.2735547123884435
LVA,month,Jul,9,93.88888888888889,87.33333333333333,6.555555555555555,80.38888888888889,181.22222222222223,0.6666666666666666,0.5660574495142304,0.12213337653340438,0.35883745498182845,0.3522568271651268
LVA,month,Jun,11,90.45454545454545,85.45454545454545,5.0,73.4090909090909,175.9090909090909,0.8181818181818182,0.5598472482893967,0.13051724695018824,0.3717550308628452,0.32101217353460637
LVA,month,May,8,91.0,87.625,3.375,82.625,178.625,0.625,0.5465549257806517,0.14779744125882532,0.2897507299156096,0.2702906829792468
LVA,month,Sep,4,100.25,78.75,21.5,82.5,179.0,1.0,0.6133592132505176,0.13643751502011747,0.3679572118702554,0.2747342995169082
LVA,opponent,ATL,3,92.0,89.33333333333333,2.6666666666666665,83.33333333333333,181.33333333333334,0.6666666666666666,0.5531606687308018,0.14344573049040243,0.36063769731529716,0.2756284025819044
LVA,opponent,CHI,3,96.0,91.0,5.0,87.16666666666667,187.0,0.6666666666666666,0.5352075678162634,0.14059882309641228,0.33765442461094636,0.42177581308016093
LVA,opponent,CON,3,100.0,80.33333333333333,19.666666666666668,83.66666666666667,180.33333333333334,1.0,0.5949648786717753,0.15388886632253904,0.25989782886334606,0.37890804597701155
LVA,opponent,DAL,3,84.0,91.66666666666667,-7.666666666666667,80.83333333333333,175.66666666666666,0.3333333333333333,0.5072094691535151,0.12820323092344932,0.2842419894787183,0.2762314681970349
LVA,opponent,GSV,3,89.0,77.66666666666667,11.333333333333334,76.33333333333333,166.66666666666666,1.0,0.5944983857277711,0.1473973586562872,0.4029413864496323,0.2753226561322513
LVA,opponent,IND,3,76.33333333333333,92.33333333333333,-16.0,81.5,168.66666666666666,0.3333333333333333,0.43090000102133574,0.14545327666067687,0.2825484368457068,0.3023970748945471
LVA,opponent,LAS,4,92.0,81.75,10.25,80.875,173.75,0.75,0.5646507573281029,0.13202265636029242,0.3548150266971777,0.23864416475972544
LVA,opponent,MIN,3,91.33333333333333,95.66666666666667,-4.333333333333333,79.16666666666667,187.0,0.3333333333333333,0.5470473718364698,0.14804595668422726,0.39007859254452376,0.2684404066623405
LVA,opponent,NYL,3,83.66666666666667,99.0,-15.333333333333334,80.83333333333333,182.66666666666666,0.3333333333333333,0.5264963624338624,0.12320654506600802,0.42427248677248675,0.2517361111111111
LVA,opponent,PDX,3,97.0,84.0,13.0,78.66666666666667,181.0,1.0,0.6096291502892021,0.1453583967820045,0.3675742178762023,0.40652462211996293
LVA,opponent,PHX,4,89.5,78.75,10.75,80.75,168.25,0.75,0.5366673436339965,0.12924716526411442,0.32107698777334237,0.19869549740510803
LVA,opponent,SEA,3,104.33333333333333,81.66666666666667,22.666666666666668,63.0,186.0,1.0,0.6135265700483092,0.13909570081712241,0.4061651713825627,0.3783758914193697
LVA,opponent,TOR,3,96.66666666666667,78.0,18.666666666666668,79.33333333333333,174.66666666666666,1.0,0.5738461538461539,0.0919748944117836,0.4116239316239316,0.22153846153846155
LVA,opponent,WAS,3,89.33333333333333,84.0,5.333333333333333,77.83333333333333,173.33333333333334,0.6666666666666666,0.5338878908589133,0.11216991153019469,0.3260355645812179,0.3751230180426462
LVA,overall,all,44,91.47727272727273,85.81818181818181,5.659090909090909,79.57954545454545,177.29545454545453,0.7045454545454546,0.5515089957988981,0.1341271672913852,0.35146780097535907,0.301031012816585
LVA,result,L,13,80.15384615384616,96.38461538461539,-16.23076923076923,80.34615384615384,176.53846153846155,0.0,0.48024743073121257,0.142240247191265,0.33797761612335453,0.2596130628255897
LVA,result,W,31,96.2258064516129,81.38709677419355,14.838709677419354,79.25806451612904,177.61290322580646,1.0,0.5813928779240565,0.1307249079785324,0.3571249752681352,0.3183998305547443
MIN,home_away,away,22,89.4090909090909,82.36363636363636,7.045454545454546,80.95454545454545,171.77272727272728,0.8181818181818182,0.5296047357818167,0.13865348164615987,0.3197567484305095,0.2682188929143633
MIN,home_away,home,22,92.27272727272727,84.95454545454545,7.318181818181818,80.8409090909091,177.22727272727272,0.6818181818181818,0.5562583641194648,0.13906252925605941,0.3637377379946326,0.2316322365690411
MIN,month,Aug,10,88.6,85.3,3.3,78.75,173.9,0.7,0.5565920338310316,0.1354537603167398,0.3868298711820809,0.23183643059645864
MIN,month,Jul,11,95.18181818181819,88.81818181818181,6.363636363636363,81.04545454545455,184.0,0.8181818181818182,0.5483803233532394,0.119554483686704,0.36481608636967877,0.27207614763204874
MIN,month,Jun,11,92.0,79.45454545454545,12.545454545454545,81.0909090909091,171.45454545454547,0.8181818181818182,0.538618528382798,0.13538977352359566,0.29576874252146407,0.2373534211375195
MIN,month,May,8,88.375,79.125,9.25,82.125,167.5,0.75,0.551810173915295,0.16678117912384152,0.29018953013738924,0.269365071436293
MIN,month,Sep,4,86.25,86.0,0.25,82.875,172.25,0.5,0.4878997747747748,0.15414459359434948,0.39515765765765765,0.22992867867867867
MIN,opponent,ATL,3,89.0,87.0,2.0,82.16666666666667,176.0,0.3333333333333333,0.5521321961620469,0.14848679980272106,0.27071783937455574,0.24498933901918973
MIN,opponent,CHI,3,81.0,73.0,8.0,85.66666666666667,154.0,0.6666666666666666,0.4654883515581953,0.16577022043020873,0.30398409213767114,0.23389615739606093
MIN,opponent,CON,3,92.0,86.33333333333333,5.666666666666667,80.5,178.33333333333334,0.6666666666666666,0.5282733437663015,0.1367675317734722,0.36028951486697963,0.36420187793427233
MIN,opponent,DAL,4,94.5,82.25,12.25,81.375,176.75,1.0,0.603322641789434,0.14138710481720274,0.32060803518428577,0.23124426636447037
MIN,opponent,GSV,4,77.75,76.25,1.5,74.875,154.0,0.75,0.48266395163823594,0.1638753430030186,0.34877528617669495,0.2973270745493461
MIN,opponent,IND,3,90.33333333333333,87.33333333333333,3.0,81.5,177.66666666666666,0.6666666666666666,0.543182261208577,0.1299303723479246,0.4402046783625731,0.15727095516569203
MIN,opponent,LAS,3,92.33333333333333,86.33333333333333,6.0,82.66666666666667,178.66666666666666,0.6666666666666666,0.5543934849434446,0.1561024624520638,0.3521913331542663,0.24182260423195157
MIN,opponent,LVA,3,95.66666666666667,91.33333333333333,4.333333333333333,79.16666666666667,187.0,0.6666666666666666,0.5729203710289236,0.14322260586031124,0.3572042437174016,0.2186907302038881
MIN,opponent,NYL,3,85.66666666666667,92.33333333333333,-6.666666666666667,80.33333333333333,178.0,0.3333333333333333,0.4709983640929933,0.13092471607627337,0.3559334270331713,0.23649531884826003
MIN,opponent,PDX,3,97.66666666666667,82.66666666666667,15.0,81.83333333333333,180.33333333333334,1.0,0.5749161949161948,0.1187779314099029,0.30435342435342433,0.28634920634920635
MIN,opponent,PHX,3,101.0,87.0,14.0,80.5,188.0,1.0,0.6401900441514216,0.14597433523846037,0.3395538825532589,0.3298784350993902
MIN,opponent,SEA,3,93.0,82.0,11.0,81.33333333333333,175.0,1.0,0.5114887333408319,0.11253412686014981,0.31919268827996344,0.20285322050811727
MIN,opponent,TOR,3,101.33333333333333,79.0,22.333333333333332,81.0,180.33333333333334,1.0,0.5981801602545448,0.12508083077085738,0.3481486331800632,0.2277321847777584
MIN,opponent,WAS,3,83.66666666666667,81.33333333333333,2.3333333333333335,81.5,165.0,0.6666666666666666,0.5028504359490275,0.11599554983363425,0.3680080482897384,0.21663313212608984
MIN,overall,all,44,90.8409090909091,83.6590909090909,7.181818181818182,80.89772727272727,174.5,0.75,0.5429315499506406,0.13885800545110966,0.341747243212571,0.24992556474170213
MIN,result,L,11,82.45454545454545,90.63636363636364,-8.181818181818182,81.0909090909091,173.0909090909091,0.0,0.4801996997196778,0.14555419824875823,0.3507369361592001,0.2283539843813778
MIN,result,W,33,93.63636363636364,81.33333333333333,12.303030303030303,80.83333333333333,174.96969696969697,1.0,0.5638421666942949,0.13662594118522678,0.338750678897028,0.257116091528477
NYL,home_away,away,22,93.18181818181819,91.13636363636364,2.0454545454545454,82.0909090909091,184.3181818181818,0.5454545454545454,0.5637291536704866,0.15613810793933325,0.4503950602336424,0.2909607990561418
NYL,home_away,home,22,85.95454545454545,81.68181818181819,4.2727272727272725,79.54545454545455,167.63636363636363,0.6363636363636364,0.5084905164056867,0.14841798529823466,0.42402431980478017,0.3331537451234639
NYL,month,Aug,11,90.0909090909091,84.9090909090909,5.181818181818182,80.54545454545455,175.0,0.7272727272727273,0.5299583329291498,0.13459004703605174,0.43313354486852235,0.263482644396133
NYL,month,Jul,9,94.0,96.66666666666667,-2.6666666666666665,83.11111111111111,190.66666666666666,0.4444444444444444,0.5401991593377558,0.1466111790971777,0.4095111692908583,0.29730959334033513
NYL,month,Jun,11,88.81818181818181,83.72727272727273,5.090909090909091,79.77272727272727,172.54545454545453,0.6363636363636364,0.5432530379010814,0.15870145813411188,0.4523970392150634,0.3711153979671995
NYL,month,May,9,86.55555555555556,83.22222222222223,3.3333333333333335,80.5,169.77777777777777,0.5555555555555556,0.5347040684344349,0.16526535668487086,0.43854913387335426,0.3224568033036211
NYL,month,Sep,4,87.0,82.0,5.0,80.0,169.0,0.5,0.5273446531483886,0.16678466807906453,0.46596180186198555,0.29301098403976544
NYL,opponent,ATL,3,84.33333333333333,89.33333333333333,-5.0,78.83333333333333,173.66666666666666,0.3333333333333333,0.5196293322337725,0.18249314687579368,0.4870490534372129,0.39950664438609057
NYL,opponent,CHI,4,90.5,87.0,3.5,83.625,177.5,0.75,0.5098040896896532,0.14098014953497634,0.42229284799707334,0.30942307887730425
NYL,opponent,CON,3,92.33333333333333,76.66666666666667,15.666666666666666,82.5,169.0,1.0,0.5610478502820074,0.17234004928333904,0.41290897341790417,0.3691090574868407
NYL,opponent,DAL,3,84.0,92.33333333333333,-8.333333333333334,80.66666666666667,176.33333333333334,0.3333333333333333,0.4510480260480261,0.10701915284686155,0.3806878306878307,0.2689051689051689
NYL,opponent,GSV,3,65.66666666666667,80.66666666666667,-15.0,71.83333333333333,146.33333333333334,0.0,0.43842313600378113,0.14428655908979263,0.4533098323420904,0.3211659905208292
NYL,opponent,IND,4,93.0,97.75,-4.75,83.75,190.75,0.5,0.5301303087582423,0.14226724721212747,0.411474605888024,0.4008431414994406
NYL,opponent,LAS,3,98.33333333333333,96.0,2.3333333333333335,83.16666666666667,194.33333333333334,0.6666666666666666,0.585046113306983,0.15561088119129116,0.4431771127423301,0.24589999372608065
NYL,opponent,LVA,3,99.0,83.66666666666667,15.333333333333334,80.83333333333333,182.66666666666666,0.6666666666666666,0.5872448466566114,0.13267475091684544,0.4090397184514832,0.29793363499245856
NYL,opponent,MIN,3,92.33333333333333,85.66666666666667,6.666666666666667,80.33333333333333,178.0,0.6666666666666666,0.5739736510704252,0.16114138908508277,0.4339281216700572,0.2088462656204592
NYL,opponent,PDX,3,90.0,87.0,3.0,81.0,177.0,0.3333333333333333,0.579089663345802,0.1906254930524087,0.4934385146229152,0.3629433477772428
NYL,opponent,PHX,3,84.33333333333333,78.0,6.333333333333333,78.66666666666667,162.33333333333334,1.0,0.5246195493122622,0.1591006360179534,0.42539752219295685,0.2572334406399375
NYL,opponent,SEA,3,91.66666666666667,89.33333333333333,2.3333333333333335,80.83333333333333,181.0,0.6666666666666666,0.5369115345668783,0.12802196942824903,0.4645696400625978,0.2656614194973764
NYL,opponent,TOR,3,98.0,81.33333333333333,16.666666666666668,82.16666666666667,179.33333333333334,0.6666666666666666,0.5705483217126303,0.15025298349686164,0.4430137908559928,0.26768262767553713
NYL,opponent,WAS,3,89.0,81.0,8.0,81.33333333333333,170.0,0.6666666666666666,0.5487830247555648,0.17218114346154723,0.4541987379515984,0.36493077225342674
NYL,overall,all,44,89.56818181818181,86.4090909090909,3.159090909090909,80.81818181818181,175.97727272727272,0.5909090909090909,0.5361098350380867,0.15227804661878394,0.43720969001921134,0.3120572720898029
NYL,result,L,18,82.11111111111111,91.94444444444444,-9.833333333333334,79.83333333333333,174.05555555555554,0.0,0.49848168256527153,0.15798771226038177,0.4520803219956247,0.2984786787960102
NYL,result,W,26,94.73076923076923,82.57692307692308,12.153846153846153,81.5,177.30769230769232,1.0,0.5621600944423432,0.14832520117460085,0.4269146371124635,0.321457836677813
PDX,home_away,away,22,84.9090909090909,91.27272727272727,-6.363636363636363,81.47727272727273,176.1818181818182,0.36363636363636365,0.503517459753729,0.1518701452944811,0.42192895511716605,0.2701899793293889
PDX,home_away,home,22,87.54545454545455,90.77272727272727,-3.227272727272727,80.43181818181819,178.3181818181818,0.4090909090909091,0.5464987888475946,0.1626764833352102,0.4576982824282624,0.2870963904640448
PDX,month,Aug,11,88.9090909090909,89.63636363636364,-0.7272727272727273,80.9090909090909,178.54545454545453,0.45454545454545453,0.5401399063814908,0.13967442673141114,0.4835005948786875,0.2513094330470729
PDX,month,Jul,9,88.0,90.0,-2.0,81.0,178.0,0.3333333333333333,0.5570553635767586,0.16516183797254833,0.45048851466402096,0.2761402515385733
PDX,month,Jun,10,85.7,99.5,-13.8,82.3,185.2,0.2,0.49674120913225045,0.15514970405918016,0.42396940554143353,0.26184259023924544
PDX,month,May,10,83.6,85.1,-1.5,79.45,168.7,0.6,0.5243328038830952,0.167413804676392,0.38715597046493433,0.2866720967071342
PDX,month,Sep,4,82.75,90.75,-8.0,81.375,173.5,0.25,0.4836450241721097,0.1678788766747576,0.4669105725734989,0.38137180965669526
PDX,opponent,ATL,3,89.66666666666667,87.0,2.6666666666666665,79.16666666666667,176.66666666666666,0.6666666666666666,0.6426892551892552,0.21449177455167368,0.4756715506715507,0.22496947496947498
PDX,opponent,CHI,3,85.0,107.66666666666667,-22.666666666666668,81.5,192.66666666666666,0.0,0.4610438882300099,0.10169939225010322,0.3835054600827001,0.3044391217358576
PDX,opponent,CON,3,80.33333333333333,77.66666666666667,2.6666666666666665,76.66666666666667,158.0,0.6666666666666666,0.5317480011028398,0.19354217432609191,0.4037496553625586,0.4102977667493796
PDX,opponent,DAL,3,86.33333333333333,93.33333333333333,-7.0,78.0,179.66666666666666,0.3333333333333333,0.5449053125523714,0.13111086130801916,0.4519607843137255,0.22960868107926932
PDX,opponent,GSV,4,75.5,86.25,-10.75,77.375,161.75,0.25,0.47155444709648836,0.17135257648344912,0.49609280089184893,0.2653679591807566
PDX,opponent,IND,3,90.33333333333333,95.33333333333333,-5.0,83.16666666666667,185.66666666666666,0.3333333333333333,0.5550381731893528,0.1601578625351309,0.34977417062154664,0.276188183506431
PDX,opponent,LAS,3,85.66666666666667,100.0,-14.333333333333334,83.16666666666667,185.66666666666666,0.0,0.4727558321308321,0.15286553999468158,0.4304277898027898,0.3412322631072631
PDX,opponent,LVA,3,84.0,97.0,-13.0,78.66666666666667,181.0,0.0,0.528085824493732,0.148846492800637,0.45427515268402446,0.2906621665059466
PDX,opponent,MIN,3,82.66666666666667,97.66666666666667,-15.0,81.83333333333333,180.33333333333334,0.0,0.5167460626738031,0.16151525715163248,0.42033757220530027,0.15856049781340656
PDX,opponent,NYL,3,87.0,90.0,-3.0,81.0,177.0,0.6666666666666666,0.5303267973856209,0.14687038921380194,0.429281045751634,0.2337908496732026
PDX,opponent,PHX,3,83.66666666666667,85.66666666666667,-2.0,79.0,169.33333333333334,0.3333333333333333,0.5314716064733999,0.18115404830781556,0.48704602639416955,0.3485443883827393
PDX,opponent,SEA,4,88.75,84.0,4.75,80.5,172.75,1.0,0.5117196120872591,0.14734737182838084,0.506747623291741,0.3231256896698073
PDX,opponent,TOR,3,91.66666666666667,81.66666666666667,10.0,82.0,173.33333333333334,0.6666666666666666,0.542063492063492,0.1460996764968429,0.3935064935064935,0.30216450216450214
PDX,opponent,WAS,3,99.33333333333333,95.0,4.333333333333333,92.66666666666667,194.33333333333334,0.3333333333333333,0.5322128320133345,0.14338854326553285,0.43394347502519515,0.18165061766362198
PDX,overall,all,44,86.22727272727273,91.02272727272727,-4.795454545454546,80.95454545454545,177.25,0.38636363636363635,0.5250081243006618,0.15727331431484567,0.4398136187727142,0.27864318489671686
PDX,result,L,27,84.07407407407408,97.33333333333333,-13.25925925925926,81.83333333333333,181.40740740740742,0.0,0.5095931890562014,0.16258625973900076,0.4334451008085914,0.2691169242840789
PDX,result,W,17,89.6470588235294,81.0,8.647058823529411,79.55882352941177,170.64705882352942,1.0,0.549490668512452,0.14883510687648172,0.44992832377455627,0.2937731282226711
PHX,home_away,away,22,83.04545454545455,86.95454545454545,-3.909090909090909,80.38636363636364,170.0,0.4090909090909091,0.5083767374313445,0.15024906159680315,0.383547788336173,0.3452288518572182
PHX,home_away,home,22,85.68181818181819,88.22727272727273,-2.5454545454545454,80.43181818181819,173.9090909090909,0.3181818181818182,0.500751089681613,0.1427486430017304,0.352497063398642,0.369437755365111
PHX,month,Aug,11,86.63636363636364,88.9090909090909,-2.272727272727273,81.77272727272727,175.54545454545453,0.2727272727272727,0.5178633185808997,0.14096248702450648,0.3685410091328082,0.3545971019721491
PHX,month,Jul,9,81.66666666666667,86.22222222222223,-4.555555555555555,79.88888888888889,167.88888888888889,0.4444444444444444,0.5060989225061941,0.15448138271241604,0.35245014547863607,0.33072536871495006
PHX,month,Jun,11,84.18181818181819,88.0,-3.8181818181818183,79.72727272727273,172.1818181818182,0.45454545454545453,0.5063299840935762,0.15011465632700835,0.3736455464967706,0.34947578042671956
PHX,month,May,9,83.66666666666667,85.33333333333333,-1.6666666666666667,79.66666666666667,169.0,0.2222222222222222,0.48250813438511997,0.14081918846453456,0.3729570915836004,0.38984720113254806
PHX,month,Sep,4,86.25,91.0,-4.75,81.375,177.25,0.5,0.5093055887610005,0.14659894592712996,0.3750673731701089,0.37317763096905143
PHX,opponent,ATL,3,83.66666666666667,92.33333333333333,-8.666666666666666,80.5,176.0,0.0,0.4956953608667318,0.1514067260592614,0.35471652003910065,0.3657848647768002
PHX,opponent,CHI,3,87.66666666666667,87.0,0.6666666666666666,82.66666666666667,174.66666666666666,0.6666666666666666,0.4886357171303408,0.17464545469887824,0.39861751152073727,0.5802184673152415
PHX,opponent,CON,3,75.66666666666667,78.0,-2.3333333333333335,79.83333333333333,153.66666666666666,0.3333333333333333,0.45156755009696187,0.14056853490683388,0.2935430582489406,0.35238693768105533
PHX,opponent,DAL,3,79.66666666666667,86.0,-6.333333333333333,81.5,165.66666666666666,0.3333333333333333,0.4594103756579422,0.12771681176819602,0.32383147667459805,0.3444530067056024
PHX,opponent,GSV,3,83.66666666666667,90.33333333333333,-6.666666666666667,76.16666666666667,174.0,0.3333333333333333,0.5501554001554002,0.15822809440893984,0.3609772943106277,0.4701977035310369
PHX,opponent,IND,3,92.33333333333333,95.66666666666667,-3.3333333333333335,81.0,188.0,0.3333333333333333,0.5542971136384559,0.12408549551679664,0.35031968399822583,0.31655619994476664
PHX,opponent,LAS,4,92.5,94.25,-1.75,85.25,186.75,0.5,0.5428619516255386,0.16368617286975992,0.39533759302781046,0.3208663826870348
PHX,opponent,LVA,4,78.75,89.5,-10.75,80.75,168.25,0.25,0.5047704488493963,0.1761310341573777,0.38030872636135793,0.1939792663476874
PHX,opponent,MIN,3,87.0,101.0,-14.0,80.5,188.0,0.0,0.4981032025486251,0.14402230653959028,0.4090503670169163,0.40666568857589985
PHX,opponent,NYL,3,78.0,84.33333333333333,-6.333333333333333,78.66666666666667,162.33333333333334,0.0,0.4837089686734301,0.13923474853523712,0.39905288401734546,0.39072150335135575
PHX,opponent,PDX,3,85.66666666666667,83.66666666666667,2.0,79.0,169.33333333333334,0.6666666666666666,0.5191241021829168,0.1572303011521002,0.39343041442476356,0.4180962758364375
PHX,opponent,SEA,3,85.0,69.33333333333333,15.666666666666666,78.0,154.33333333333334,1.0,0.4990877772341813,0.13800704377100545,0.3867439479597013,0.36494912843371746
PHX,opponent,TOR,3,93.33333333333333,82.33333333333333,11.0,80.5,175.66666666666666,0.6666666666666666,0.5236996834011759,0.08924424819410416,0.38627641015700714,0.33388899657556376
PHX,opponent,WAS,3,77.33333333333333,89.66666666666667,-12.333333333333334,79.66666666666667,167.0,0.0,0.47994227994227995,0.15117045880211952,0.30690758516845473,0.21050881485664094
PHX,overall,all,44,84.36363636363636,87.5909090909091,-3.227272727272727,80.4090909090909,171.95454545454547,0.36363636363636365,0.5045639135564788,0.1464988522992668,0.3680224258674075,0.3573333036111647
PHX,result,L,28,80.64285714285714,91.71428571428571,-11.071428571428571,80.25,172.35714285714286,0.0,0.4919347897521746,0.15502773240605353,0.3721717788664627,0.31727306842152675
PHX,result,W,16,90.875,80.375,10.5,80.6875,171.25,1.0,0.526664880214011,0.13157331211239,0.3607610581190609,0.427438715193031
SEA,home_away,away,22,79.4090909090909,90.0909090909091,-10.681818181818182,78.86363636363636,169.5,0.09090909090909091,0.4766152566763299,0.16130896713717216,0.3768500530366366,0.2570236016734833
SEA,home_away,home,22,84.95454545454545,87.77272727272727,-2.8181818181818183,81.77272727272727,172.72727272727272,0.2727272727272727,0.49274067136444066,0.14717340378707208,0.38393492260747625,0.29161364084021085
SEA,month,Aug,9,83.88888888888889,89.0,-5.111111111111111,83.83333333333333,172.88888888888889,0.2222222222222222,0.46389249739693394,0.13170121370512936,0.3848916451271324,0.23747337122421797
SEA,month,Jul,11,85.18181818181819,91.18181818181819,-6.0,83.5,176.36363636363637,0.09090909090909091,0.4912182302225993,0.16046408389835012,0.3658192244098061,0.2676129180444838
SEA,month,Jun,11,83.0909090909091,89.18181818181819,-6.090909090909091,74.86363636363636,172.27272727272728,0.18181818181818182,0.5097509794655359,0.1563821869924361,0.39769804721771396,0.24029152066093606
SEA,month,May,9,78.66666666666667,82.55555555555556,-3.888888888888889,79.5,161.22222222222223,0.3333333333333333,0.47824511304189454,0.16069633564481303,0.3752380100075638,0.36818149423002783
SEA,month,Sep,4,75.5,96.25,-20.75,80.5,171.75,0.0,0.4589826540945017,0.16743130909631096,0.37435314501387407,0.2580441801133599
SEA,opponent,ATL,3,90.66666666666667,92.33333333333333,-1.6666666666666667,86.66666666666667,183.0,0.3333333333333333,0.5564998726763433,0.20042677357661484,0.33544832074243836,0.3488385253091135
SEA,opponent,CHI,3,89.0,88.33333333333333,0.6666666666666666,87.66666666666667,177.33333333333334,0.3333333333333333,0.4795553950483528,0.15990346703556776,0.3165402672444926,0.32233858994422376
SEA,opponent,CON,3,81.33333333333333,73.66666666666667,7.666666666666667,80.0,155.0,0.6666666666666666,0.500789313904068,0.16578093744448802,0.3585783675947611,0.4070474455720358
SEA,opponent,DAL,4,81.75,96.5,-14.75,82.5,178.25,0.0,0.48232681923617315,0.15847530727360062,0.3883402769010291,0.2528181782641763
SEA,opponent,GSV,3,69.66666666666667,79.0,-9.333333333333334,74.5,148.66666666666666,0.0,0.44516594516594515,0.16282374375983386,0.39129389129389125,0.2866762866762867
SEA,opponent,IND,3,93.33333333333333,101.33333333333333,-8.0,83.16666666666667,194.66666666666666,0.0,0.49582359803949166,0.0995456475547088,0.3435463994269861,0.31963198243424573
SEA,opponent,LAS,3,79.66666666666667,80.66666666666667,-1.0,84.66666666666667,160.33333333333334,0.3333333333333333,0.4660831639566396,0.15558691015623705,0.38713922764227643,0.1965040650406504
SEA,opponent,LVA,3,81.66666666666667,104.33333333333333,-22.666666666666668,63.0,186.0,0.0,0.469102905722624,0.14202695203571233,0.3704479127014338,0.24597132343611217
SEA,opponent,MIN,3,82.0,93.0,-11.0,81.33333333333333,175.0,0.0,0.4895180895180895,0.19055066987114874,0.467953667953668,0.256985556985557
SEA,opponent,NYL,3,89.33333333333333,91.66666666666667,-2.3333333333333335,80.83333333333333,181.0,0.3333333333333333,0.5172769953051642,0.1142999708156685,0.3534216834056378,0.20228204671064362
SEA,opponent,PDX,4,84.0,88.75,-4.75,80.5,172.75,0.0,0.48126796839851804,0.13602095736287534,0.4443882264091491,0.25659788105714026
SEA,opponent,PHX,3,69.33333333333333,85.0,-15.666666666666666,78.0,154.33333333333334,0.0,0.4477873871599016,0.14439858301158565,0.4184268669907203,0.16829956021294948
SEA,opponent,TOR,3,78.33333333333333,85.66666666666667,-7.333333333333333,82.33333333333333,164.0,0.3333333333333333,0.48820706868886826,0.17127830998162197,0.3556271427488253,0.21120920195990434
SEA,opponent,WAS,3,80.0,82.33333333333333,-2.3333333333333335,78.5,162.33333333333334,0.3333333333333333,0.46800735360057394,0.16292040201930258,0.3703614025647924,0.37833378172361226
SEA,overall,all,44,82.18181818181819,88.93181818181819,-6.75,80.31818181818181,171.11363636363637,0.18181818181818182,0.4846779640203852,0.15424118546212215,0.3803924878220565,0.274318621256847
SEA,result,L,36,80.0,91.08333333333333,-11.083333333333334,79.69444444444444,171.08333333333334,0.0,0.47059404173983477,0.15427991788850828,0.38155772103001023,0.2613821275850178
SEA,result,W,8,92.0,79.25,12.75,83.125,171.25,1.0,0.5480556142828625,0.1540668895433845,0.3751489383862644,0.33253284278007844
TOR,home_away,away,22,87.04545454545455,96.86363636363636,-9.818181818181818,81.8409090909091,183.9090909090909,0.18181818181818182,0.508804700662033,0.14878965565902538,0.41304800971292527,0.30531767920108854
TOR,home_away,home,22,84.27272727272727,91.86363636363636,-7.590909090909091,80.8409090909091,176.13636363636363,0.3181818181818182,0.5017629098085006,0.1567295201875879,0.40032559183192334,0.32117709979713366
TOR,month,Aug,12,81.91666666666667,94.25,-12.333333333333334,80.5,176.16666666666666,0.08333333333333333,0.4869202491998998,0.15410941899563188,0.409955056875731,0.30927472265173966
TOR,month,Jul,9,82.33333333333333,97.11111111111111,-14.777777777777779,79.94444444444444,179.44444444444446,0.1111111111111111,0.5318828791410051,0.18316699019289942,0.4186172695289772,0.2540647333004455
TOR,month,Jun,10,91.9,94.5,-2.6,84.0,186.4,0.4,0.5307667752016414,0.13581824219606814,0.3804930326876532,0.29745467027362904
TOR,month,May,9,89.55555555555556,89.0,0.5555555555555556,80.94444444444444,178.55555555555554,0.5555555555555556,0.5068948024438229,0.14519456154096155,0.44557671310580205,0.3940285031364912
TOR,month,Sep,4,80.0,100.25,-20.25,81.25,180.25,0.0,0.43319438841826896,0.13966811327811998,0.3480205952220878,0.3160506588678231
TOR,opponent,ATL,4,87.75,103.5,-15.75,82.75,191.25,0.0,0.5615521184400578,0.18351319124410595,0.39597584348727827,0.3644070391572799
TOR,opponent,CHI,3,93.66666666666667,89.66666666666667,4.0,84.16666666666667,183.33333333333334,0.6666666666666666,0.5156097656097657,0.13285954216228132,0.34366834366834365,0.33596583596583596
TOR,opponent,CON,3,96.0,98.0,-2.0,85.66666666666667,194.0,0.6666666666666666,0.49690336789879125,0.1300433197524853,0.39569546663368177,0.38233828794469527
TOR,opponent,DAL,3,86.33333333333333,97.0,-10.666666666666666,78.16666666666667,183.33333333333334,0.0,0.529422514619883,0.14959699465698187,0.4220882066276803,0.21667884990253408
TOR,opponent,GSV,3,78.33333333333333,90.33333333333333,-12.0,75.66666666666667,168.66666666666666,0.0,0.5327942834477956,0.18920249357497343,0.4488980083886906,0.2903842370070551
TOR,opponent,IND,3,90.33333333333333,105.66666666666667,-15.333333333333334,84.16666666666667,196.0,0.0,0.49299136501401036,0.11966234155797734,0.3673014239149082,0.3103265282781495
TOR,opponent,LAS,3,108.66666666666667,97.33333333333333,11.333333333333334,82.16666666666667,206.0,0.6666666666666666,0.5717505854800937,0.12319949752391278,0.4632903981264637,0.4467701014832162
TOR,opponent,LVA,3,78.0,96.66666666666667,-18.666666666666668,79.33333333333333,174.66666666666666,0.0,0.4795698004653228,0.1573395676870164,0.41530675859034066,0.21086826310706908
TOR,opponent,MIN,3,79.0,101.33333333333333,-22.333333333333332,81.0,180.33333333333334,0.0,0.49862972206489786,0.18297509116304875,0.5028432489175738,0.20249305525300873
TOR,opponent,NYL,3,81.33333333333333,98.0,-16.666666666666668,82.16666666666667,179.33333333333334,0.3333333333333333,0.4885185185185185,0.15341634560763498,0.3075084175084175,0.20479797979797978
TOR,opponent,PDX,3,81.66666666666667,91.66666666666667,-10.0,82.0,173.33333333333334,0.3333333333333333,0.47995134965473946,0.1697595539862804,0.39407493009187927,0.38846087998630363
TOR,opponent,PHX,3,82.33333333333333,93.33333333333333,-11.0,80.5,175.66666666666666,0.3333333333333333,0.5054251410775245,0.14744484111065934,0.42969546339791886,0.26443848759688915
TOR,opponent,SEA,3,85.66666666666667,78.33333333333333,7.333333333333333,82.33333333333333,164.0,0.6666666666666666,0.4799721608122492,0.1460015836041461,0.4277479500766163,0.4067305330385655
TOR,opponent,WAS,4,73.5,81.5,-8.0,79.0,155.0,0.0,0.44291580815018317,0.14571639662171873,0.38899000305250303,0.3361244658119658
TOR,overall,all,44,85.6590909090909,94.36363636363636,-8.704545454545455,81.3409090909091,180.02272727272728,0.25,0.5052838052352668,0.15275958792330666,0.40668680077242436,0.3132473894991112
TOR,result,L,33,81.3030303030303,96.45454545454545,-15.151515151515152,80.5,177.75757575757575,0.0,0.49093885319821917,0.15754717598856968,0.4050336041974753,0.2822597616723925
TOR,result,W,11,98.72727272727273,88.0909090909091,10.636363636363637,83.86363636363636,186.8181818181818,1.0,0.5483186613464094,0.1383968237275175,0.4116463904972712,0.40621027297926704
WAS,home_away,away,22,82.45454545454545,82.5,-0.045454545454545456,78.6590909090909,164.95454545454547,0.5909090909090909,0.5175529999078831,0.16913480044113774,0.3027598070819256,0.37681455942074715
WAS,home_away,home,22,85.54545454545455,82.95454545454545,2.590909090909091,81.77272727272727,168.5,0.6818181818181818,0.4885891296352659,0.15458301560026652,0.29615334861685333,0.3887837063993384
WAS,month,Aug,12,86.66666666666667,83.41666666666667,3.25,79.70833333333333,170.08333333333334,0.6666666666666666,0.5393020670695298,0.15313360851239566,0.30348483853476543,0.3557796737885471
WAS,month,Jul,10,78.1,76.8,1.3,75.65,154.9,0.7,0.4661880823176833,0.1642083742872384,0.29136301585646873,0.3414810870531347
WAS,month,Jun,11,82.54545454545455,85.63636363636364,-3.090909090909091,83.77272727272727,168.1818181818182,0.5454545454545454,0.4786985313097018,0.17700033567007456,0.2966069323818854,0.43595888981539
WAS,month,May,7,83.42857142857143,87.14285714285714,-3.7142857142857144,81.5,170.57142857142858,0.42857142857142855,0.499249221338693,0.1734070314380795,0.31570097509998923,0.4233300421846181
WAS,month,Sep,4,95.75,79.75,16.0,81.125,175.5,1.0,0.5602982070401292,0.12031299886309635,0.2870145306226499,0.3500342021965883
WAS,opponent,ATL,3,79.0,86.33333333333333,-7.333333333333333,81.66666666666667,165.33333333333334,0.6666666666666666,0.5471456380104879,0.22404479887759257,0.26246093543090204,0.45106335081307275
WAS,opponent,CHI,3,100.33333333333333,81.66666666666667,18.666666666666668,83.66666666666667,182.0,1.0,0.553216044408631,0.12854700754357812,0.278802041364491,0.418537022114782
WAS,opponent,CON,4,79.0,75.5,3.5,77.75,154.5,0.75,0.45685496970971007,0.15405645371205934,0.2753138914900529,0.4611624973722934
WAS,opponent,DAL,3,82.0,86.33333333333333,-4.333333333333333,76.0,168.33333333333334,0.6666666666666666,0.49390135909250593,0.14607699520881756,0.2725559707451055,0.41290745918512517
WAS,opponent,GSV,3,69.33333333333333,72.66666666666667,-3.3333333333333335,70.83333333333333,142.0,0.3333333333333333,0.47445355191256827,0.17179822986130666,0.3758652094717669,0.2591985428051002
WAS,opponent,IND,3,91.0,85.66666666666667,5.333333333333333,84.5,176.66666666666666,0.6666666666666666,0.583341134862433,0.18717405713111926,0.27418734071878087,0.35210901336661987
WAS,opponent,LAS,3,83.0,83.33333333333333,-0.3333333333333333,79.33333333333333,166.33333333333334,0.3333333333333333,0.5349119611414693,0.16280584033443937,0.328551912568306,0.30397259085783673
WAS,opponent,LVA,3,84.0,89.33333333333333,-5.333333333333333,77.83333333333333,173.33333333333334,0.3333333333333333,0.5209552881415785,0.1626141322780912,0.2312353710821664,0.32120689421000453
WAS,opponent,MIN,3,81.33333333333333,83.66666666666667,-2.3333333333333335,81.5,165.0,0.3333333333333333,0.4970607716509356,0.16785737853166272,0.2973174366616989,0.4221725451233647
WAS,opponent,NYL,3,81.0,89.0,-8.0,81.33333333333333,170.0,0.3333333333333333,0.4532343253066788,0.13979360299052587,0.3224784189004997,0.3679937149780403
WAS,opponent,PDX,3,95.0,99.33333333333333,-4.333333333333333,92.66666666666667,194.33333333333334,0.6666666666666666,0.46348416415746624,0.15702161629408673,0.2845171880227501,0.4996846074495372
WAS,opponent,PHX,3,89.66666666666667,77.33333333333333,12.333333333333334,79.66666666666667,167.0,1.0,0.5633527090253224,0.13770508832882533,0.3300966105932355,0.2898273152612593
WAS,opponent,SEA,3,82.33333333333333,80.0,2.3333333333333335,78.5,162.33333333333334,0.6666666666666666,0.46038233209285845,0.14773944192105862,0.31098263335105436,0.4270556441609073
WAS,opponent,TOR,4,81.5,73.5,8.0,79.0,155.0,1.0,0.46784728292540795,0.17650789253983623,0.34192016317016316,0.3553314393939394
WAS,overall,all,44,84.0,82.72727272727273,1.2727272727272727,80.2159090909091,166.72727272727272,0.6363636363636364,0.5030710647715745,0.16185890802070216,0.29945657784938945,0.38279913291004275
WAS,result,L,16,73.5,85.0,-11.5,77.625,158.5,0.0,0.46572080946137395,0.1789176560930168,0.31768120489154617,0.3690773516146316
WAS,result,W,28,90.0,81.42857142857143,8.571428571428571,81.69642857142857,171.42857142857142,1.0,0.5244140678059749,0.15211105197937952,0.2890425052538714,0.39064015079313485
