source,box_id,date,gmID,gameCode,deanAbbrev,plyrID,displayName,actionType,oNetPts,dNetPts,tNetPts
espnanalytics,20250811-1022500204,2025-08-11,1022500204,20250811,CON,1642290,Aaliyah Edwards,2pt,-0.7615,1.594,0.8325
espnanalytics,20250811-1022500204,2025-08-11,1022500204,20250811,CON,1642290,Aaliyah Edwards,2ptShooting,-0.649,0.3356,-0.3134
espnanalytics,20250811-1022500204,2025-08-11,1022500204,20250811,CON,1642290,Aaliyah Edwards,3pt,-0.343,0.0193,-0.3237
espnanalytics,20250811-1022500204,2025-08-11,1022500204,20250811,CON,1642290,Aaliyah Edwards,3ptShooting,0.0,-0.0489,-0.0489
espnanalytics,20250811-1022500204,2025-08-11,1022500204,20250811,CON,1642290,Aaliyah Edwards,assist,0.0,-0.3342,-0.3342
espnanalytics,20250811-1022500204,2025-08-11,1022500204,20250811,CON,1642290,Aaliyah Edwards,atb,0.0,-0.4676,-0.4676
espnanalytics,20250811-1022500204,2025-08-11,1022500204,20250811,CON,1642290,Aaliyah Edwards,badpass,0.0,0.0,0.0
espnanalytics,20250811-1022500204,2025-08-11,1022500204,20250811,CON,1642290,Aaliyah Edwards,bank,0.0,0.0,0.0
espnanalytics,20250811-1022500204,2025-08-11,1022500204,20250811,CON,1642290,Aaliyah Edwards,corner,0.0,0.4186,0.4186
espnanalytics,20250811-1022500204,2025-08-11,1022500204,20250811,CON,1642290,Aaliyah Edwards,cutting,0.0,0.0,0.0
espnanalytics,20250811-1022500204,2025-08-11,1022500204,20250811,CON,1642290,Aaliyah Edwards,driving,0.0,0.0,0.0
espnanalytics,20250811-1022500204,2025-08-11,1022500204,20250811,CON,1642290,Aaliyah Edwards,dunk,0.0,0.0,0.0
espnanalytics,20250811-1022500204,2025-08-11,1022500204,20250811,CON,1642290,Aaliyah Edwards,fade,0.0,0.0,0.0
espnanalytics,20250811-1022500204,2025-08-11,1022500204,20250811,CON,1642290,Aaliyah Edwards,floating,0.0,0.0,0.0
espnanalytics,20250811-1022500204,2025-08-11,1022500204,20250811,CON,1642290,Aaliyah Edwards,foul,2.7752,-0.3416,2.4336
espnanalytics,20250811-1022500204,2025-08-11,1022500204,20250811,CON,1642290,Aaliyah Edwards,freethrow,-1.4736,0.1271,-1.3465
espnanalytics,20250811-1022500204,2025-08-11,1022500204,20250811,CON,1642290,Aaliyah Edwards,grenade,0.0,0.2691,0.2691
espnanalytics,20250811-1022500204,2025-08-11,1022500204,20250811,CON,1642290,Aaliyah Edwards,hook,0.0,0.0,0.0
espnanalytics,20250811-1022500204,2025-08-11,1022500204,20250811,CON,1642290,Aaliyah Edwards,layup,0.5627,0.3356,0.8983
espnanalytics,20250811-1022500204,2025-08-11,1022500204,20250811,CON,1642290,Aaliyah Edwards,mid,-0.6059,0.0,-0.6059
espnanalytics,20250811-1022500204,2025-08-11,1022500204,20250811,CON,1642290,Aaliyah Edwards,period,0.0,0.0,0.0
espnanalytics,20250811-1022500204,2025-08-11,1022500204,20250811,CON,1642290,Aaliyah Edwards,rebound,0.2396,0.3524,0.592
espnanalytics,20250811-1022500204,2025-08-11,1022500204,20250811,CON,1642290,Aaliyah Edwards,rim,-0.0432,0.3356,0.2924
espnanalytics,20250811-1022500204,2025-08-11,1022500204,20250811,CON,1642290,Aaliyah Edwards,stoppage,0.0,0.0,0.0
espnanalytics,20250811-1022500204,2025-08-11,1022500204,20250811,CON,1642290,Aaliyah Edwards,timeout,0.0,0.0,0.0
espnanalytics,20250811-1022500204,2025-08-11,1022500204,20250811,CON,1642290,Aaliyah Edwards,turnover,-2.8693,0.9121,-1.9572
espnanalytics,20250811-1022500204,2025-08-11,1022500204,20250811,CON,1642290,Aaliyah Edwards,violation,0.0,0.0,0.0
espnanalytics,20250811-1022500204,2025-08-11,1022500204,20250811,CON,1642290,Aaliyah Edwards,fastbreak,-0.1158,0.2092,0.0934
espnanalytics,20250811-1022500204,2025-08-11,1022500204,20250811,CON,1642290,Aaliyah Edwards,putback,-0.2653,0.0799,-0.1854
espnanalytics,20250811-1022500204,2025-08-11,1022500204,20250811,CON,1642290,Aaliyah Edwards,total,-2.4326,2.6632,0.2306
espnanalytics,20250811-1022500204,2025-08-11,1022500204,20250811,CON,1642800,Aneesah Morrow,2pt,-0.3167,-0.6777,-0.9944
espnanalytics,20250811-1022500204,2025-08-11,1022500204,20250811,CON,1642800,Aneesah Morrow,2ptShooting,-0.1745,-0.2766,-0.4512
espnanalytics,20250811-1022500204,2025-08-11,1022500204,20250811,CON,1642800,Aneesah Morrow,3pt,-0.123,-1.2471,-1.3701
espnanalytics,20250811-1022500204,2025-08-11,1022500204,20250811,CON,1642800,Aneesah Morrow,3ptShooting,0.5718,-0.8611,-0.2892
espnanalytics,20250811-1022500204,2025-08-11,1022500204,20250811,CON,1642800,Aneesah Morrow,assist,0.0,-0.1603,-0.1603
espnanalytics,20250811-1022500204,2025-08-11,1022500204,20250811,CON,1642800,Aneesah Morrow,atb,-1.02,-1.0458,-2.0657
espnanalytics,20250811-1022500204,2025-08-11,1022500204,20250811,CON,1642800,Aneesah Morrow,badpass,0.0,0.0,0.0
espnanalytics,20250811-1022500204,2025-08-11,1022500204,20250811,CON,1642800,Aneesah Morrow,bank,0.0,0.0,0.0
espnanalytics,20250811-1022500204,2025-08-11,1022500204,20250811,CON,1642800,Aneesah Morrow,corner,1.5918,0.1847,1.7765
espnanalytics,20250811-1022500204,2025-08-11,1022500204,20250811,CON,1642800,Aneesah Morrow,cutting,0.0,0.1273,0.1273
espnanalytics,20250811-1022500204,2025-08-11,1022500204,20250811,CON,1642800,Aneesah Morrow,driving,0.0,-0.176,-0.176
espnanalytics,20250811-1022500204,2025-08-11,1022500204,20250811,CON,1642800,Aneesah Morrow,dunk,0.0,0.0,0.0
espnanalytics,20250811-1022500204,2025-08-11,1022500204,20250811,CON,1642800,Aneesah Morrow,fade,0.0,0.0,0.0
espnanalytics,20250811-1022500204,2025-08-11,1022500204,20250811,CON,1642800,Aneesah Morrow,floating,0.0,0.0,0.0
espnanalytics,20250811-1022500204,2025-08-11,1022500204,20250811,CON,1642800,Aneesah Morrow,foul,0.8447,-1.3433,-0.4986
espnanalytics,20250811-1022500204,2025-08-11,1022500204,20250811,CON,1642800,Aneesah Morrow,freethrow,0.124,0.3863,0.5103
espnanalytics,20250811-1022500204,2025-08-11,1022500204,20250811,CON,1642800,Aneesah Morrow,grenade,0.0,-0.2947,-0.2947
espnanalytics,20250811-1022500204,2025-08-11,1022500204,20250811,CON,1642800,Aneesah Morrow,hook,1.5597,0.0,1.5597
espnanalytics,20250811-1022500204,2025-08-11,1022500204,20250811,CON,1642800,Aneesah Morrow,jumpball,0.0,0.0,0.0
espnanalytics,20250811-1022500204,2025-08-11,1022500204,20250811,CON,1642800,Aneesah Morrow,layup,-0.6995,-0.0486,-0.7481
espnanalytics,20250811-1022500204,2025-08-11,1022500204,20250811,CON,1642800,Aneesah Morrow,mid,-0.4318,-0.228,-0.6599
espnanalytics,20250811-1022500204,2025-08-11,1022500204,20250811,CON,1642800,Aneesah Morrow,period,0.0,0.0,0.0
espnanalytics,20250811-1022500204,2025-08-11,1022500204,20250811,CON,1642800,Aneesah Morrow,rebound,0.1735,0.509,0.6825
espnanalytics,20250811-1022500204,2025-08-11,1022500204,20250811,CON,1642800,Aneesah Morrow,rim,0.2573,-0.0486,0.2087
espnanalytics,20250811-1022500204,2025-08-11,1022500204,20250811,CON,1642800,Aneesah Morrow,stoppage,0.0,0.0,0.0
espnanalytics,20250811-1022500204,2025-08-11,1022500204,20250811,CON,1642800,Aneesah Morrow,timeout,0.0,0.0,0.0
espnanalytics,20250811-1022500204,2025-08-11,1022500204,20250811,CON,1642800,Aneesah Morrow,turnover,-1.2982,1.0611,-0.2371
espnanalytics,20250811-1022500204,2025-08-11,1022500204,20250811,CON,1642800,Aneesah Morrow,violation,0.0,,
espnanalytics,20250811-1022500204,2025-08-11,1022500204,20250811,CON,1642800,Aneesah Morrow,fastbreak,1.1202,0.3172,1.4374
espnanalytics,20250811-1022500204,2025-08-11,1022500204,20250811,CON,1642800,Aneesah Morrow,putback,-1.9152,-0.8178,-2.733
espnanalytics,20250811-1022500204,2025-08-11,1022500204,20250811,CON,1642800,Aneesah Morrow,total,-0.5957,-1.3118,-1.9075
espnanalytics,20250811-1022500204,2025-08-11,1022500204,20250811,CON,203829,Bria Hartley,2pt,-2.0772,-0.6304,-2.7076
espnanalytics,20250811-1022500204,2025-08-11,1022500204,20250811,CON,203829,Bria Hartley,2ptShooting,-2.3631,0.3021,-2.061
espnanalytics,20250811-1022500204,2025-08-11,1022500204,20250811,CON,203829,Bria Hartley,3pt,-0.3011,-2.1307,-2.4317
espnanalytics,20250811-1022500204,2025-08-11,1022500204,20250811,CON,203829,Bria Hartley,3ptShooting,-0.4365,0.0,-0.4365
espnanalytics,20250811-1022500204,2025-08-11,1022500204,20250811,CON,203829,Bria Hartley,assist,1.2042,-1.8575,-0.6533
espnanalytics,20250811-1022500204,2025-08-11,1022500204,20250811,CON,203829,Bria Hartley,atb,1.5918,0.0,1.5918
espnanalytics,20250811-1022500204,2025-08-11,1022500204,20250811,CON,203829,Bria Hartley,badpass,0.0,0.0,0.0
espnanalytics,20250811-1022500204,2025-08-11,1022500204,20250811,CON,203829,Bria Hartley,bank,0.0,0.0,0.0
espnanalytics,20250811-1022500204,2025-08-11,1022500204,20250811,CON,203829,Bria Hartley,corner,-1.509,0.0,-1.509
espnanalytics,20250811-1022500204,2025-08-11,1022500204,20250811,CON,203829,Bria Hartley,cutting,0.0,0.0,0.0
espnanalytics,20250811-1022500204,2025-08-11,1022500204,20250811,CON,203829,Bria Hartley,driving,-0.5625,0.0,-0.5625
espnanalytics,20250811-1022500204,2025-08-11,1022500204,20250811,CON,203829,Bria Hartley,dunk,0.0,0.0,0.0
espnanalytics,20250811-1022500204,2025-08-11,1022500204,20250811,CON,203829,Bria Hartley,fade,-0.6059,0.0,-0.6059
espnanalytics,20250811-1022500204,2025-08-11,1022500204,20250811,CON,203829,Bria Hartley,floating,0.0,0.1692,0.1692
espnanalytics,20250811-1022500204,2025-08-11,1022500204,20250811,CON,203829,Bria Hartley,foul,0.1498,-0.4003,-0.2504
espnanalytics,20250811-1022500204,2025-08-11,1022500204,20250811,CON,203829,Bria Hartley,freethrow,-0.0045,0.4102,0.4057
espnanalytics,20250811-1022500204,2025-08-11,1022500204,20250811,CON,203829,Bria Hartley,grenade,0.5139,0.0,0.5139
espnanalytics,20250811-1022500204,2025-08-11,1022500204,20250811,CON,203829,Bria Hartley,hook,0.0,0.0,0.0
espnanalytics,20250811-1022500204,2025-08-11,1022500204,20250811,CON,203829,Bria Hartley,jumpball,0.0,0.0,0.0
espnanalytics,20250811-1022500204,2025-08-11,1022500204,20250811,CON,203829,Bria Hartley,layup,-0.5625,0.1329,-0.4296
espnanalytics,20250811-1022500204,2025-08-11,1022500204,20250811,CON,203829,Bria Hartley,mid,-1.8006,0.0,-1.8006
espnanalytics,20250811-1022500204,2025-08-11,1022500204,20250811,CON,203829,Bria Hartley,period,0.0,0.0,0.0
espnanalytics,20250811-1022500204,2025-08-11,1022500204,20250811,CON,203829,Bria Hartley,rebound,0.1018,-0.5297,-0.4279
espnanalytics,20250811-1022500204,2025-08-11,1022500204,20250811,CON,203829,Bria Hartley,rim,-0.5625,0.3021,-0.2604
espnanalytics,20250811-1022500204,2025-08-11,1022500204,20250811,CON,203829,Bria Hartley,stoppage,0.0,0.0,0.0
espnanalytics,20250811-1022500204,2025-08-11,1022500204,20250811,CON,203829,Bria Hartley,timeout,0.0,0.0,0.0
espnanalytics,20250811-1022500204,2025-08-11,1022500204,20250811,CON,203829,Bria Hartley,turnover,-2.112,0.8125,-1.2995
espnanalytics,20250811-1022500204,2025-08-11,1022500204,20250811,CON,203829,Bria Hartley,violation,0.0,,
espnanalytics,20250811-1022500204,2025-08-11,1022500204,20250811,CON,203829,Bria Hartley,fastbreak,0.3459,0.1746,0.5205
espnanalytics,20250811-1022500204,2025-08-11,1022500204,20250811,CON,203829,Bria Hartley,putback,-1.15,-0.0994,-1.2494
espnanalytics,20250811-1022500204,2025-08-11,1022500204,20250811,CON,203829,Bria Hartley,total,-4.2431,-2.4683,-6.7114
espnanalytics,20250811-1022500204,2025-08-11,1022500204,20250811,CON,203863,Haley Peters,2pt,-0.013,0.4189,0.4059
espnanalytics,20250811-1022500204,2025-08-11,1022500204,20250811,CON,203863,Haley Peters,2ptShooting,0.0,0.0,0.0
espnanalytics,20250811-1022500204,2025-08-11,1022500204,20250811,CON,203863,Haley Peters,3pt,-0.5143,-0.0091,-0.5234
espnanalytics,20250811-1022500204,2025-08-11,1022500204,20250811,CON,203863,Haley Peters,3ptShooting,-0.51,-0.2842,-0.7942
espnanalytics,20250811-1022500204,2025-08-11,1022500204,20250811,CON,203863,Haley Peters,assist,0.0,0.0,0.0
espnanalytics,20250811-1022500204,2025-08-11,1022500204,20250811,CON,203863,Haley Peters,atb,-0.51,0.1849,-0.3251
espnanalytics,20250811-1022500204,2025-08-11,1022500204,20250811,CON,203863,Haley Peters,badpass,0.0,0.0,0.0
espnanalytics,20250811-1022500204,2025-08-11,1022500204,20250811,CON,203863,Haley Peters,bank,0.0,0.0,0.0
espnanalytics,20250811-1022500204,2025-08-11,1022500204,20250811,CON,203863,Haley Peters,corner,0.0,-0.4691,-0.4691
espnanalytics,20250811-1022500204,2025-08-11,1022500204,20250811,CON,203863,Haley Peters,cutting,0.0,0.0,0.0
espnanalytics,20250811-1022500204,2025-08-11,1022500204,20250811,CON,203863,Haley Peters,driving,0.0,0.0,0.0
espnanalytics,20250811-1022500204,2025-08-11,1022500204,20250811,CON,203863,Haley Peters,dunk,0.0,0.0,0.0
espnanalytics,20250811-1022500204,2025-08-11,1022500204,20250811,CON,203863,Haley Peters,fade,0.0,0.0,0.0
espnanalytics,20250811-1022500204,2025-08-11,1022500204,20250811,CON,203863,Haley Peters,floating,0.0,0.0,0.0
espnanalytics,20250811-1022500204,2025-08-11,1022500204,20250811,CON,203863,Haley Peters,foul,-0.0102,-0.0493,-0.0595
espnanalytics,20250811-1022500204,2025-08-11,1022500204,20250811,CON,203863,Haley Peters,freethrow,-0.0045,0.151,0.1465
espnanalytics,20250811-1022500204,2025-08-11,1022500204,20250811,CON,203863,Haley Peters,grenade,0.0,0.1849,0.1849
espnanalytics,20250811-1022500204,2025-08-11,1022500204,20250811,CON,203863,Haley Peters,hook,0.0,0.0,0.0
espnanalytics,20250811-1022500204,2025-08-11,1022500204,20250811,CON,203863,Haley Peters,layup,0.0,0.0,0.0
espnanalytics,20250811-1022500204,2025-08-11,1022500204,20250811,CON,203863,Haley Peters,mid,0.0,0.0,0.0
espnanalytics,20250811-1022500204,2025-08-11,1022500204,20250811,CON,203863,Haley Peters,period,0.0,,
espnanalytics,20250811-1022500204,2025-08-11,1022500204,20250811,CON,203863,Haley Peters,rebound,0.278,0.011,0.289
espnanalytics,20250811-1022500204,2025-08-11,1022500204,20250811,CON,203863,Haley Peters,rim,0.0,0.0,0.0
espnanalytics,20250811-1022500204,2025-08-11,1022500204,20250811,CON,203863,Haley Peters,stoppage,0.0,0.0,0.0
espnanalytics,20250811-1022500204,2025-08-11,1022500204,20250811,CON,203863,Haley Peters,timeout,0.0,0.0,0.0
espnanalytics,20250811-1022500204,2025-08-11,1022500204,20250811,CON,203863,Haley Peters,turnover,-0.1534,0.7562,0.6028
espnanalytics,20250811-1022500204,2025-08-11,1022500204,20250811,CON,203863,Haley Peters,violation,0.0,0.0,0.0
espnanalytics,20250811-1022500204,2025-08-11,1022500204,20250811,CON,203863,Haley Peters,fastbreak,-0.0102,0.0,-0.0102
espnanalytics,20250811-1022500204,2025-08-11,1022500204,20250811,CON,203863,Haley Peters,putback,-0.1825,0.0654,-0.1171
espnanalytics,20250811-1022500204,2025-08-11,1022500204,20250811,CON,203863,Haley Peters,total,-0.4174,1.2787,0.8613
espnanalytics,20250811-1022500204,2025-08-11,1022500204,20250811,CON,1642303,Leïla Lacan,2pt,-0.5266,-0.3959,-0.9225
espnanalytics,20250811-1022500204,2025-08-11,1022500204,20250811,CON,1642303,Leïla Lacan,2ptShooting,-0.2723,0.1112,-0.1611
espnanalytics,20250811-1022500204,2025-08-11,1022500204,20250811,CON,1642303,Leïla Lacan,3pt,-3.6354,-0.5171,-4.1525
espnanalytics,20250811-1022500204,2025-08-11,1022500204,20250811,CON,1642303,Leïla Lacan,3ptShooting,-2.5457,0.2725,-2.2732
espnanalytics,20250811-1022500204,2025-08-11,1022500204,20250811,CON,1642303,Leïla Lacan,assist,0.346,-1.3207,-0.9746
espnanalytics,20250811-1022500204,2025-08-11,1022500204,20250811,CON,1642303,Leïla Lacan,atb,-2.04,0.5917,-1.4483
espnanalytics,20250811-1022500204,2025-08-11,1022500204,20250811,CON,1642303,Leïla Lacan,badpass,-0.6632,0.1801,-0.483
espnanalytics,20250811-1022500204,2025-08-11,1022500204,20250811,CON,1642303,Leïla Lacan,bank,0.0,0.0,0.0
espnanalytics,20250811-1022500204,2025-08-11,1022500204,20250811,CON,1642303,Leïla Lacan,corner,-0.5057,-0.3192,-0.8249
espnanalytics,20250811-1022500204,2025-08-11,1022500204,20250811,CON,1642303,Leïla Lacan,cutting,0.0,0.0,0.0
espnanalytics,20250811-1022500204,2025-08-11,1022500204,20250811,CON,1642303,Leïla Lacan,driving,0.9099,-0.1169,0.793
espnanalytics,20250811-1022500204,2025-08-11,1022500204,20250811,CON,1642303,Leïla Lacan,dunk,0.0,0.0,0.0
espnanalytics,20250811-1022500204,2025-08-11,1022500204,20250811,CON,1642303,Leïla Lacan,fade,0.0,0.0,0.0
espnanalytics,20250811-1022500204,2025-08-11,1022500204,20250811,CON,1642303,Leïla Lacan,floating,0.0,0.0,0.0
espnanalytics,20250811-1022500204,2025-08-11,1022500204,20250811,CON,1642303,Leïla Lacan,foul,1.7745,-0.8804,0.8941
espnanalytics,20250811-1022500204,2025-08-11,1022500204,20250811,CON,1642303,Leïla Lacan,freethrow,-0.6587,0.5612,-0.0976
espnanalytics,20250811-1022500204,2025-08-11,1022500204,20250811,CON,1642303,Leïla Lacan,grenade,-0.5982,0.1718,-0.4264
espnanalytics,20250811-1022500204,2025-08-11,1022500204,20250811,CON,1642303,Leïla Lacan,hook,0.0,0.0,0.0
espnanalytics,20250811-1022500204,2025-08-11,1022500204,20250811,CON,1642303,Leïla Lacan,jumpball,0.0,0.0,0.0
espnanalytics,20250811-1022500204,2025-08-11,1022500204,20250811,CON,1642303,Leïla Lacan,layup,0.9099,-0.0606,0.8493
espnanalytics,20250811-1022500204,2025-08-11,1022500204,20250811,CON,1642303,Leïla Lacan,mid,-1.1822,0.0,-1.1822
espnanalytics,20250811-1022500204,2025-08-11,1022500204,20250811,CON,1642303,Leïla Lacan,period,0.0,0.0,0.0
espnanalytics,20250811-1022500204,2025-08-11,1022500204,20250811,CON,1642303,Leïla Lacan,rebound,-0.104,0.1636,0.0596
espnanalytics,20250811-1022500204,2025-08-11,1022500204,20250811,CON,1642303,Leïla Lacan,rim,0.9099,0.1112,1.0211
espnanalytics,20250811-1022500204,2025-08-11,1022500204,20250811,CON,1642303,Leïla Lacan,stoppage,0.0,0.0,0.0
espnanalytics,20250811-1022500204,2025-08-11,1022500204,20250811,CON,1642303,Leïla Lacan,timeout,0.0,0.0,0.0
espnanalytics,20250811-1022500204,2025-08-11,1022500204,20250811,CON,1642303,Leïla Lacan,turnover,-1.3106,1.1282,-0.1824
espnanalytics,20250811-1022500204,2025-08-11,1022500204,20250811,CON,1642303,Leïla Lacan,violation,0.0,0.0,0.0
espnanalytics,20250811-1022500204,2025-08-11,1022500204,20250811,CON,1642303,Leïla Lacan,fastbreak,0.364,0.3719,0.7359
espnanalytics,20250811-1022500204,2025-08-11,1022500204,20250811,CON,1642303,Leïla Lacan,putback,-0.3203,-0.0581,-0.3784
espnanalytics,20250811-1022500204,2025-08-11,1022500204,20250811,CON,1642303,Leïla Lacan,total,-4.4609,0.0596,-4.4013
espnanalytics,20250811-1022500204,2025-08-11,1022500204,20250811,CON,1642841,Mamignan Touré,2pt,-0.5913,0.3295,-0.2618
espnanalytics,20250811-1022500204,2025-08-11,1022500204,20250811,CON,1642841,Mamignan Touré,2ptShooting,-0.5625,0.0551,-0.5074
espnanalytics,20250811-1022500204,2025-08-11,1022500204,20250811,CON,1642841,Mamignan Touré,3pt,0.7344,-0.188,0.5465
espnanalytics,20250811-1022500204,2025-08-11,1022500204,20250811,CON,1642841,Mamignan Touré,3ptShooting,0.791,-0.4965,0.2945
espnanalytics,20250811-1022500204,2025-08-11,1022500204,20250811,CON,1642841,Mamignan Touré,assist,0.3187,-0.1086,0.2101
espnanalytics,20250811-1022500204,2025-08-11,1022500204,20250811,CON,1642841,Mamignan Touré,atb,0.0,-0.4965,-0.4965
espnanalytics,20250811-1022500204,2025-08-11,1022500204,20250811,CON,1642841,Mamignan Touré,badpass,0.0,0.0,0.0
espnanalytics,20250811-1022500204,2025-08-11,1022500204,20250811,CON,1642841,Mamignan Touré,bank,0.0,0.0,0.0
espnanalytics,20250811-1022500204,2025-08-11,1022500204,20250811,CON,1642841,Mamignan Touré,corner,0.791,0.0,0.791
espnanalytics,20250811-1022500204,2025-08-11,1022500204,20250811,CON,1642841,Mamignan Touré,cutting,0.0,0.0,0.0
espnanalytics,20250811-1022500204,2025-08-11,1022500204,20250811,CON,1642841,Mamignan Touré,driving,-0.5625,0.1044,-0.4581
espnanalytics,20250811-1022500204,2025-08-11,1022500204,20250811,CON,1642841,Mamignan Touré,dunk,0.0,0.0,0.0
espnanalytics,20250811-1022500204,2025-08-11,1022500204,20250811,CON,1642841,Mamignan Touré,fade,0.0,0.0,0.0
espnanalytics,20250811-1022500204,2025-08-11,1022500204,20250811,CON,1642841,Mamignan Touré,floating,0.0,0.0,0.0
espnanalytics,20250811-1022500204,2025-08-11,1022500204,20250811,CON,1642841,Mamignan Touré,foul,-0.0203,-1.6786,-1.6989
espnanalytics,20250811-1022500204,2025-08-11,1022500204,20250811,CON,1642841,Mamignan Touré,freethrow,-0.009,0.2793,0.2703
espnanalytics,20250811-1022500204,2025-08-11,1022500204,20250811,CON,1642841,Mamignan Touré,grenade,0.0,0.0532,0.0532
espnanalytics,20250811-1022500204,2025-08-11,1022500204,20250811,CON,1642841,Mamignan Touré,hook,0.0,0.0,0.0
espnanalytics,20250811-1022500204,2025-08-11,1022500204,20250811,CON,1642841,Mamignan Touré,layup,-0.5625,0.1044,-0.4581
espnanalytics,20250811-1022500204,2025-08-11,1022500204,20250811,CON,1642841,Mamignan Touré,mid,0.0,-0.0493,-0.0493
espnanalytics,20250811-1022500204,2025-08-11,1022500204,20250811,CON,1642841,Mamignan Touré,period,0.0,0.0,0.0
espnanalytics,20250811-1022500204,2025-08-11,1022500204,20250811,CON,1642841,Mamignan Touré,rebound,-0.0806,0.2249,0.1443
espnanalytics,20250811-1022500204,2025-08-11,1022500204,20250811,CON,1642841,Mamignan Touré,rim,-0.5625,0.1044,-0.4581
espnanalytics,20250811-1022500204,2025-08-11,1022500204,20250811,CON,1642841,Mamignan Touré,stoppage,0.0,0.0,0.0
espnanalytics,20250811-1022500204,2025-08-11,1022500204,20250811,CON,1642841,Mamignan Touré,timeout,0.0,0.0,0.0
espnanalytics,20250811-1022500204,2025-08-11,1022500204,20250811,CON,1642841,Mamignan Touré,turnover,-1.1757,0.3166,-0.8591
espnanalytics,20250811-1022500204,2025-08-11,1022500204,20250811,CON,1642841,Mamignan Touré,violation,0.0,,
espnanalytics,20250811-1022500204,2025-08-11,1022500204,20250811,CON,1642841,Mamignan Touré,fastbreak,0.7031,0.2309,0.934
espnanalytics,20250811-1022500204,2025-08-11,1022500204,20250811,CON,1642841,Mamignan Touré,putback,-0.0319,-0.0341,-0.0659
espnanalytics,20250811-1022500204,2025-08-11,1022500204,20250811,CON,1642841,Mamignan Touré,total,-1.1425,-0.7163,-1.8588
espnanalytics,20250811-1022500204,2025-08-11,1022500204,20250811,CON,1629497,Marina Mabrey,2pt,0.5239,-0.8946,-0.3707
espnanalytics,20250811-1022500204,2025-08-11,1022500204,20250811,CON,1629497,Marina Mabrey,2ptShooting,0.6845,-0.4691,0.2154
espnanalytics,20250811-1022500204,2025-08-11,1022500204,20250811,CON,1629497,Marina Mabrey,3pt,-2.8949,-1.2205,-4.1155
espnanalytics,20250811-1022500204,2025-08-11,1022500204,20250811,CON,1629497,Marina Mabrey,3ptShooting,-2.9803,-0.5725,-3.5528
espnanalytics,20250811-1022500204,2025-08-11,1022500204,20250811,CON,1629497,Marina Mabrey,assist,0.8209,-0.494,0.3268
espnanalytics,20250811-1022500204,2025-08-11,1022500204,20250811,CON,1629497,Marina Mabrey,atb,-2.4703,-0.0772,-2.5475
espnanalytics,20250811-1022500204,2025-08-11,1022500204,20250811,CON,1629497,Marina Mabrey,badpass,-1.3263,0.0,-1.3263
espnanalytics,20250811-1022500204,2025-08-11,1022500204,20250811,CON,1629497,Marina Mabrey,bank,0.0,0.0,0.0
espnanalytics,20250811-1022500204,2025-08-11,1022500204,20250811,CON,1629497,Marina Mabrey,corner,-0.51,-0.4953,-1.0053
espnanalytics,20250811-1022500204,2025-08-11,1022500204,20250811,CON,1629497,Marina Mabrey,cutting,0.0,0.0,0.0
espnanalytics,20250811-1022500204,2025-08-11,1022500204,20250811,CON,1629497,Marina Mabrey,driving,0.0,-0.2702,-0.2702
espnanalytics,20250811-1022500204,2025-08-11,1022500204,20250811,CON,1629497,Marina Mabrey,dunk,0.0,0.0,0.0
espnanalytics,20250811-1022500204,2025-08-11,1022500204,20250811,CON,1629497,Marina Mabrey,fade,0.0,0.0,0.0
espnanalytics,20250811-1022500204,2025-08-11,1022500204,20250811,CON,1629497,Marina Mabrey,floating,0.0,0.0,0.0
espnanalytics,20250811-1022500204,2025-08-11,1022500204,20250811,CON,1629497,Marina Mabrey,foul,0.1194,-0.5838,-0.4644
espnanalytics,20250811-1022500204,2025-08-11,1022500204,20250811,CON,1629497,Marina Mabrey,freethrow,0.1838,0.258,0.4418
espnanalytics,20250811-1022500204,2025-08-11,1022500204,20250811,CON,1629497,Marina Mabrey,grenade,-0.4304,-0.344,-0.7743
espnanalytics,20250811-1022500204,2025-08-11,1022500204,20250811,CON,1629497,Marina Mabrey,hook,0.0,0.0,0.0
espnanalytics,20250811-1022500204,2025-08-11,1022500204,20250811,CON,1629497,Marina Mabrey,jumpball,0.0,0.0,0.0
espnanalytics,20250811-1022500204,2025-08-11,1022500204,20250811,CON,1629497,Marina Mabrey,layup,0.6845,-0.2702,0.4144
espnanalytics,20250811-1022500204,2025-08-11,1022500204,20250811,CON,1629497,Marina Mabrey,mid,0.0,-0.199,-0.199
espnanalytics,20250811-1022500204,2025-08-11,1022500204,20250811,CON,1629497,Marina Mabrey,period,0.0,,
espnanalytics,20250811-1022500204,2025-08-11,1022500204,20250811,CON,1629497,Marina Mabrey,rebound,0.0757,0.4981,0.5738
espnanalytics,20250811-1022500204,2025-08-11,1022500204,20250811,CON,1629497,Marina Mabrey,rim,0.6845,-0.2702,0.4144
espnanalytics,20250811-1022500204,2025-08-11,1022500204,20250811,CON,1629497,Marina Mabrey,stoppage,0.0,0.0,0.0
espnanalytics,20250811-1022500204,2025-08-11,1022500204,20250811,CON,1629497,Marina Mabrey,timeout,0.0,0.0,0.0
espnanalytics,20250811-1022500204,2025-08-11,1022500204,20250811,CON,1629497,Marina Mabrey,turnover,-2.6043,0.8092,-1.7951
espnanalytics,20250811-1022500204,2025-08-11,1022500204,20250811,CON,1629497,Marina Mabrey,violation,0.0,0.0,0.0
espnanalytics,20250811-1022500204,2025-08-11,1022500204,20250811,CON,1629497,Marina Mabrey,fastbreak,0.0203,0.1631,0.1834
espnanalytics,20250811-1022500204,2025-08-11,1022500204,20250811,CON,1629497,Marina Mabrey,putback,-0.8449,0.0,-0.8449
espnanalytics,20250811-1022500204,2025-08-11,1022500204,20250811,CON,1629497,Marina Mabrey,total,-4.5964,-1.1336,-5.73
espnanalytics,20250811-1022500204,2025-08-11,1022500204,20250811,CON,1631135,Olivia Nelson-Ododa,2pt,3.1674,-1.6689,1.4985
espnanalytics,20250811-1022500204,2025-08-11,1022500204,20250811,CON,1631135,Olivia Nelson-Ododa,2ptShooting,3.0241,-1.8196,1.2045
espnanalytics,20250811-1022500204,2025-08-11,1022500204,20250811,CON,1631135,Olivia Nelson-Ododa,3pt,1.0437,-3.2462,-2.2025
espnanalytics,20250811-1022500204,2025-08-11,1022500204,20250811,CON,1631135,Olivia Nelson-Ododa,3ptShooting,1.5918,-0.8575,0.7343
espnanalytics,20250811-1022500204,2025-08-11,1022500204,20250811,CON,1631135,Olivia Nelson-Ododa,assist,0.326,-0.7811,-0.4551
espnanalytics,20250811-1022500204,2025-08-11,1022500204,20250811,CON,1631135,Olivia Nelson-Ododa,atb,1.5918,-0.4247,1.1671
espnanalytics,20250811-1022500204,2025-08-11,1022500204,20250811,CON,1631135,Olivia Nelson-Ododa,badpass,0.0,0.1023,0.1023
espnanalytics,20250811-1022500204,2025-08-11,1022500204,20250811,CON,1631135,Olivia Nelson-Ododa,bank,0.0,0.0,0.0
espnanalytics,20250811-1022500204,2025-08-11,1022500204,20250811,CON,1631135,Olivia Nelson-Ododa,corner,0.0,-0.4328,-0.4328
espnanalytics,20250811-1022500204,2025-08-11,1022500204,20250811,CON,1631135,Olivia Nelson-Ododa,cutting,0.0,-0.7948,-0.7948
espnanalytics,20250811-1022500204,2025-08-11,1022500204,20250811,CON,1631135,Olivia Nelson-Ododa,driving,0.6845,0.0,0.6845
espnanalytics,20250811-1022500204,2025-08-11,1022500204,20250811,CON,1631135,Olivia Nelson-Ododa,dunk,0.0,0.0,0.0
espnanalytics,20250811-1022500204,2025-08-11,1022500204,20250811,CON,1631135,Olivia Nelson-Ododa,fade,0.0,-0.3794,-0.3794
espnanalytics,20250811-1022500204,2025-08-11,1022500204,20250811,CON,1631135,Olivia Nelson-Ododa,floating,0.0,0.0,0.0
espnanalytics,20250811-1022500204,2025-08-11,1022500204,20250811,CON,1631135,Olivia Nelson-Ododa,foul,1.0148,-0.1657,0.8491
espnanalytics,20250811-1022500204,2025-08-11,1022500204,20250811,CON,1631135,Olivia Nelson-Ododa,freethrow,-0.8698,0.4102,-0.4596
espnanalytics,20250811-1022500204,2025-08-11,1022500204,20250811,CON,1631135,Olivia Nelson-Ododa,grenade,0.7799,-0.4081,0.3718
espnanalytics,20250811-1022500204,2025-08-11,1022500204,20250811,CON,1631135,Olivia Nelson-Ododa,hook,0.0,-0.4087,-0.4087
espnanalytics,20250811-1022500204,2025-08-11,1022500204,20250811,CON,1631135,Olivia Nelson-Ododa,jumpball,0.0,0.0,0.0
espnanalytics,20250811-1022500204,2025-08-11,1022500204,20250811,CON,1631135,Olivia Nelson-Ododa,layup,0.6845,-1.0315,-0.347
espnanalytics,20250811-1022500204,2025-08-11,1022500204,20250811,CON,1631135,Olivia Nelson-Ododa,mid,2.3396,0.0,2.3396
espnanalytics,20250811-1022500204,2025-08-11,1022500204,20250811,CON,1631135,Olivia Nelson-Ododa,period,0.0,0.0,0.0
espnanalytics,20250811-1022500204,2025-08-11,1022500204,20250811,CON,1631135,Olivia Nelson-Ododa,rebound,0.0889,0.1388,0.2277
espnanalytics,20250811-1022500204,2025-08-11,1022500204,20250811,CON,1631135,Olivia Nelson-Ododa,rim,0.6845,-1.8196,-1.1351
espnanalytics,20250811-1022500204,2025-08-11,1022500204,20250811,CON,1631135,Olivia Nelson-Ododa,stoppage,0.0,0.0,0.0
espnanalytics,20250811-1022500204,2025-08-11,1022500204,20250811,CON,1631135,Olivia Nelson-Ododa,timeout,0.0,0.0,0.0
espnanalytics,20250811-1022500204,2025-08-11,1022500204,20250811,CON,1631135,Olivia Nelson-Ododa,turnover,-1.6988,1.347,-0.3518
espnanalytics,20250811-1022500204,2025-08-11,1022500204,20250811,CON,1631135,Olivia Nelson-Ododa,violation,0.0,,
espnanalytics,20250811-1022500204,2025-08-11,1022500204,20250811,CON,1631135,Olivia Nelson-Ododa,fastbreak,0.1324,0.3839,0.5163
espnanalytics,20250811-1022500204,2025-08-11,1022500204,20250811,CON,1631135,Olivia Nelson-Ododa,putback,-0.3089,-0.0341,-0.3429
espnanalytics,20250811-1022500204,2025-08-11,1022500204,20250811,CON,1631135,Olivia Nelson-Ododa,total,2.7462,-3.1848,-0.4386
espnanalytics,20250811-1022500204,2025-08-11,1022500204,20250811,CON,1642809,Saniya Rivers,2pt,2.3625,0.8847,3.2472
espnanalytics,20250811-1022500204,2025-08-11,1022500204,20250811,CON,1642809,Saniya Rivers,2ptShooting,2.4615,0.262,2.7234
espnanalytics,20250811-1022500204,2025-08-11,1022500204,20250811,CON,1642809,Saniya Rivers,3pt,0.5445,-1.5868,-1.0423
espnanalytics,20250811-1022500204,2025-08-11,1022500204,20250811,CON,1642809,Saniya Rivers,3ptShooting,1.0948,0.1189,1.2138
espnanalytics,20250811-1022500204,2025-08-11,1022500204,20250811,CON,1642809,Saniya Rivers,assist,0.1677,-0.8676,-0.6999
espnanalytics,20250811-1022500204,2025-08-11,1022500204,20250811,CON,1642809,Saniya Rivers,atb,1.0948,-0.0987,0.9961
espnanalytics,20250811-1022500204,2025-08-11,1022500204,20250811,CON,1642809,Saniya Rivers,badpass,-0.6632,0.0,-0.6632
espnanalytics,20250811-1022500204,2025-08-11,1022500204,20250811,CON,1642809,Saniya Rivers,bank,0.9099,0.1294,1.0392
espnanalytics,20250811-1022500204,2025-08-11,1022500204,20250811,CON,1642809,Saniya Rivers,corner,0.0,0.2176,0.2176
espnanalytics,20250811-1022500204,2025-08-11,1022500204,20250811,CON,1642809,Saniya Rivers,cutting,0.0,0.0,0.0
espnanalytics,20250811-1022500204,2025-08-11,1022500204,20250811,CON,1642809,Saniya Rivers,driving,0.0,0.1294,0.1294
espnanalytics,20250811-1022500204,2025-08-11,1022500204,20250811,CON,1642809,Saniya Rivers,dunk,0.0,0.0,0.0
espnanalytics,20250811-1022500204,2025-08-11,1022500204,20250811,CON,1642809,Saniya Rivers,fade,0.0,0.0,0.0
espnanalytics,20250811-1022500204,2025-08-11,1022500204,20250811,CON,1642809,Saniya Rivers,floating,0.0,0.1294,0.1294
espnanalytics,20250811-1022500204,2025-08-11,1022500204,20250811,CON,1642809,Saniya Rivers,foul,-0.0609,-0.344,-0.4049
espnanalytics,20250811-1022500204,2025-08-11,1022500204,20250811,CON,1642809,Saniya Rivers,freethrow,-0.0252,0.1032,0.078
espnanalytics,20250811-1022500204,2025-08-11,1022500204,20250811,CON,1642809,Saniya Rivers,grenade,2.4129,0.1584,2.5713
espnanalytics,20250811-1022500204,2025-08-11,1022500204,20250811,CON,1642809,Saniya Rivers,hook,0.0,0.0,0.0
espnanalytics,20250811-1022500204,2025-08-11,1022500204,20250811,CON,1642809,Saniya Rivers,layup,1.4527,0.0,1.4527
espnanalytics,20250811-1022500204,2025-08-11,1022500204,20250811,CON,1642809,Saniya Rivers,mid,1.0088,0.1326,1.1414
espnanalytics,20250811-1022500204,2025-08-11,1022500204,20250811,CON,1642809,Saniya Rivers,period,0.0,0.0,0.0
espnanalytics,20250811-1022500204,2025-08-11,1022500204,20250811,CON,1642809,Saniya Rivers,rebound,-0.3848,0.603,0.2182
espnanalytics,20250811-1022500204,2025-08-11,1022500204,20250811,CON,1642809,Saniya Rivers,rim,1.4527,0.1294,1.5821
espnanalytics,20250811-1022500204,2025-08-11,1022500204,20250811,CON,1642809,Saniya Rivers,stoppage,0.0,0.0,0.0
espnanalytics,20250811-1022500204,2025-08-11,1022500204,20250811,CON,1642809,Saniya Rivers,timeout,0.0,0.0,0.0
espnanalytics,20250811-1022500204,2025-08-11,1022500204,20250811,CON,1642809,Saniya Rivers,turnover,-1.4216,2.2712,0.8495
espnanalytics,20250811-1022500204,2025-08-11,1022500204,20250811,CON,1642809,Saniya Rivers,violation,0.0,0.0,0.0
espnanalytics,20250811-1022500204,2025-08-11,1022500204,20250811,CON,1642809,Saniya Rivers,fastbreak,2.1182,0.2412,2.3594
espnanalytics,20250811-1022500204,2025-08-11,1022500204,20250811,CON,1642809,Saniya Rivers,putback,-0.3031,-0.0558,-0.359
espnanalytics,20250811-1022500204,2025-08-11,1022500204,20250811,CON,1642809,Saniya Rivers,total,1.0144,1.9313,2.9457
espnanalytics,20250811-1022500204,2025-08-11,1022500204,20250811,GSV,1642304,Carla Leite,2pt,-1.2368,0.1159,-1.1209
espnanalytics,20250811-1022500204,2025-08-11,1022500204,20250811,GSV,1642304,Carla Leite,2ptShooting,-1.1684,0.1725,-0.9959
espnanalytics,20250811-1022500204,2025-08-11,1022500204,20250811,GSV,1642304,Carla Leite,3pt,-0.6536,0.4252,-0.2285
espnanalytics,20250811-1022500204,2025-08-11,1022500204,20250811,GSV,1642304,Carla Leite,3ptShooting,-0.51,0.5469,0.0369
espnanalytics,20250811-1022500204,2025-08-11,1022500204,20250811,GSV,1642304,Carla Leite,assist,0.2034,-0.6207,-0.4173
espnanalytics,20250811-1022500204,2025-08-11,1022500204,20250811,GSV,1642304,Carla Leite,atb,-0.51,0.1611,-0.3489
espnanalytics,20250811-1022500204,2025-08-11,1022500204,20250811,GSV,1642304,Carla Leite,badpass,0.0,0.0,0.0
espnanalytics,20250811-1022500204,2025-08-11,1022500204,20250811,GSV,1642304,Carla Leite,bank,0.0,0.0,0.0
espnanalytics,20250811-1022500204,2025-08-11,1022500204,20250811,GSV,1642304,Carla Leite,corner,0.0,0.3858,0.3858
espnanalytics,20250811-1022500204,2025-08-11,1022500204,20250811,GSV,1642304,Carla Leite,cutting,0.0,0.0,0.0
espnanalytics,20250811-1022500204,2025-08-11,1022500204,20250811,GSV,1642304,Carla Leite,driving,-0.5625,0.0,-0.5625
espnanalytics,20250811-1022500204,2025-08-11,1022500204,20250811,GSV,1642304,Carla Leite,dunk,0.0,0.0,0.0
espnanalytics,20250811-1022500204,2025-08-11,1022500204,20250811,GSV,1642304,Carla Leite,fade,0.0,0.0,0.0
espnanalytics,20250811-1022500204,2025-08-11,1022500204,20250811,GSV,1642304,Carla Leite,floating,0.0,0.0,0.0
espnanalytics,20250811-1022500204,2025-08-11,1022500204,20250811,GSV,1642304,Carla Leite,foul,-0.0203,-0.8635,-0.8838
espnanalytics,20250811-1022500204,2025-08-11,1022500204,20250811,GSV,1642304,Carla Leite,freethrow,-0.0072,0.3044,0.2972
espnanalytics,20250811-1022500204,2025-08-11,1022500204,20250811,GSV,1642304,Carla Leite,grenade,0.0,0.0,0.0
espnanalytics,20250811-1022500204,2025-08-11,1022500204,20250811,GSV,1642304,Carla Leite,hook,0.0,0.0,0.0
espnanalytics,20250811-1022500204,2025-08-11,1022500204,20250811,GSV,1642304,Carla Leite,layup,-0.5625,0.0,-0.5625
espnanalytics,20250811-1022500204,2025-08-11,1022500204,20250811,GSV,1642304,Carla Leite,mid,-0.6059,0.1725,-0.4334
espnanalytics,20250811-1022500204,2025-08-11,1022500204,20250811,GSV,1642304,Carla Leite,period,0.0,0.0,0.0
espnanalytics,20250811-1022500204,2025-08-11,1022500204,20250811,GSV,1642304,Carla Leite,rebound,-0.6501,-0.3227,-0.9728
espnanalytics,20250811-1022500204,2025-08-11,1022500204,20250811,GSV,1642304,Carla Leite,rim,-0.5625,0.0,-0.5625
espnanalytics,20250811-1022500204,2025-08-11,1022500204,20250811,GSV,1642304,Carla Leite,stoppage,0.0,0.0,0.0
espnanalytics,20250811-1022500204,2025-08-11,1022500204,20250811,GSV,1642304,Carla Leite,timeout,0.0,0.0,0.0
espnanalytics,20250811-1022500204,2025-08-11,1022500204,20250811,GSV,1642304,Carla Leite,turnover,-0.5702,2.8078,2.2376
espnanalytics,20250811-1022500204,2025-08-11,1022500204,20250811,GSV,1642304,Carla Leite,violation,0.0,0.0,0.0
espnanalytics,20250811-1022500204,2025-08-11,1022500204,20250811,GSV,1642304,Carla Leite,fastbreak,0.0,-0.9157,-0.9157
espnanalytics,20250811-1022500204,2025-08-11,1022500204,20250811,GSV,1642304,Carla Leite,putback,0.0,0.3022,0.3022
espnanalytics,20250811-1022500204,2025-08-11,1022500204,20250811,GSV,1642304,Carla Leite,total,-3.1383,2.467,-0.6713
espnanalytics,20250811-1022500204,2025-08-11,1022500204,20250811,GSV,1628508,Cecilia Zandalasini,2pt,0.94,-0.1188,0.8211
espnanalytics,20250811-1022500204,2025-08-11,1022500204,20250811,GSV,1628508,Cecilia Zandalasini,2ptShooting,0.782,-0.2878,0.4942
espnanalytics,20250811-1022500204,2025-08-11,1022500204,20250811,GSV,1628508,Cecilia Zandalasini,3pt,2.4255,0.3027,2.7282
espnanalytics,20250811-1022500204,2025-08-11,1022500204,20250811,GSV,1628508,Cecilia Zandalasini,3ptShooting,2.31,0.0395,2.3495
espnanalytics,20250811-1022500204,2025-08-11,1022500204,20250811,GSV,1628508,Cecilia Zandalasini,assist,0.4141,-0.5256,-0.1115
espnanalytics,20250811-1022500204,2025-08-11,1022500204,20250811,GSV,1628508,Cecilia Zandalasini,atb,2.8151,0.3482,3.1633
espnanalytics,20250811-1022500204,2025-08-11,1022500204,20250811,GSV,1628508,Cecilia Zandalasini,badpass,0.0,0.4254,0.4254
espnanalytics,20250811-1022500204,2025-08-11,1022500204,20250811,GSV,1628508,Cecilia Zandalasini,bank,-0.6059,-0.1815,-0.7874
espnanalytics,20250811-1022500204,2025-08-11,1022500204,20250811,GSV,1628508,Cecilia Zandalasini,corner,-0.5051,-0.3087,-0.8138
espnanalytics,20250811-1022500204,2025-08-11,1022500204,20250811,GSV,1628508,Cecilia Zandalasini,cutting,0.0,0.0,0.0
espnanalytics,20250811-1022500204,2025-08-11,1022500204,20250811,GSV,1628508,Cecilia Zandalasini,driving,-0.6059,0.0,-0.6059
espnanalytics,20250811-1022500204,2025-08-11,1022500204,20250811,GSV,1628508,Cecilia Zandalasini,dunk,0.0,0.0,0.0
espnanalytics,20250811-1022500204,2025-08-11,1022500204,20250811,GSV,1628508,Cecilia Zandalasini,fade,0.0,0.0,0.0
espnanalytics,20250811-1022500204,2025-08-11,1022500204,20250811,GSV,1628508,Cecilia Zandalasini,floating,-0.6059,0.0,-0.6059
espnanalytics,20250811-1022500204,2025-08-11,1022500204,20250811,GSV,1628508,Cecilia Zandalasini,foul,1.6145,-1.2897,0.3248
espnanalytics,20250811-1022500204,2025-08-11,1022500204,20250811,GSV,1628508,Cecilia Zandalasini,freethrow,-0.5385,0.6154,0.0769
espnanalytics,20250811-1022500204,2025-08-11,1022500204,20250811,GSV,1628508,Cecilia Zandalasini,grenade,1.5662,-0.6015,0.9647
espnanalytics,20250811-1022500204,2025-08-11,1022500204,20250811,GSV,1628508,Cecilia Zandalasini,hook,0.0,0.0,0.0
espnanalytics,20250811-1022500204,2025-08-11,1022500204,20250811,GSV,1628508,Cecilia Zandalasini,jumpball,0.0,0.0,0.0
espnanalytics,20250811-1022500204,2025-08-11,1022500204,20250811,GSV,1628508,Cecilia Zandalasini,layup,0.0,-0.2371,-0.2371
espnanalytics,20250811-1022500204,2025-08-11,1022500204,20250811,GSV,1628508,Cecilia Zandalasini,mid,1.3879,-0.0508,1.3371
espnanalytics,20250811-1022500204,2025-08-11,1022500204,20250811,GSV,1628508,Cecilia Zandalasini,period,0.0,0.0,0.0
espnanalytics,20250811-1022500204,2025-08-11,1022500204,20250811,GSV,1628508,Cecilia Zandalasini,rebound,-0.3077,-0.1711,-0.4788
espnanalytics,20250811-1022500204,2025-08-11,1022500204,20250811,GSV,1628508,Cecilia Zandalasini,rim,-0.6059,-0.2371,-0.8429
espnanalytics,20250811-1022500204,2025-08-11,1022500204,20250811,GSV,1628508,Cecilia Zandalasini,stoppage,0.0,0.0,0.0
espnanalytics,20250811-1022500204,2025-08-11,1022500204,20250811,GSV,1628508,Cecilia Zandalasini,timeout,0.0,0.0,0.0
espnanalytics,20250811-1022500204,2025-08-11,1022500204,20250811,GSV,1628508,Cecilia Zandalasini,turnover,-2.0375,1.5122,-0.5253
espnanalytics,20250811-1022500204,2025-08-11,1022500204,20250811,GSV,1628508,Cecilia Zandalasini,violation,0.0,0.0,0.0
espnanalytics,20250811-1022500204,2025-08-11,1022500204,20250811,GSV,1628508,Cecilia Zandalasini,fastbreak,-0.0233,-0.8789,-0.9021
espnanalytics,20250811-1022500204,2025-08-11,1022500204,20250811,GSV,1628508,Cecilia Zandalasini,putback,0.0881,1.2159,1.3041
espnanalytics,20250811-1022500204,2025-08-11,1022500204,20250811,GSV,1628508,Cecilia Zandalasini,total,2.0962,0.8507,2.947
espnanalytics,20250811-1022500204,2025-08-11,1022500204,20250811,GSV,1630387,Iliana Rupert,2pt,0.8639,-0.1001,0.7638
espnanalytics,20250811-1022500204,2025-08-11,1022500204,20250811,GSV,1630387,Iliana Rupert,2ptShooting,0.9972,-0.3697,0.6276
espnanalytics,20250811-1022500204,2025-08-11,1022500204,20250811,GSV,1630387,Iliana Rupert,3pt,2.1802,1.3096,3.4898
espnanalytics,20250811-1022500204,2025-08-11,1022500204,20250811,GSV,1630387,Iliana Rupert,3ptShooting,2.2433,0.0,2.2433
espnanalytics,20250811-1022500204,2025-08-11,1022500204,20250811,GSV,1630387,Iliana Rupert,assist,0.2034,-0.4494,-0.246
espnanalytics,20250811-1022500204,2025-08-11,1022500204,20250811,GSV,1630387,Iliana Rupert,atb,1.0818,0.0,1.0818
espnanalytics,20250811-1022500204,2025-08-11,1022500204,20250811,GSV,1630387,Iliana Rupert,badpass,0.0,0.0,0.0
espnanalytics,20250811-1022500204,2025-08-11,1022500204,20250811,GSV,1630387,Iliana Rupert,bank,0.0,0.0,0.0
espnanalytics,20250811-1022500204,2025-08-11,1022500204,20250811,GSV,1630387,Iliana Rupert,corner,1.1615,0.0,1.1615
espnanalytics,20250811-1022500204,2025-08-11,1022500204,20250811,GSV,1630387,Iliana Rupert,cutting,0.0,0.0,0.0
espnanalytics,20250811-1022500204,2025-08-11,1022500204,20250811,GSV,1630387,Iliana Rupert,driving,0.0,0.0,0.0
espnanalytics,20250811-1022500204,2025-08-11,1022500204,20250811,GSV,1630387,Iliana Rupert,dunk,0.0,0.0,0.0
espnanalytics,20250811-1022500204,2025-08-11,1022500204,20250811,GSV,1630387,Iliana Rupert,fade,0.7799,0.0,0.7799
espnanalytics,20250811-1022500204,2025-08-11,1022500204,20250811,GSV,1630387,Iliana Rupert,floating,0.0,0.0,0.0
espnanalytics,20250811-1022500204,2025-08-11,1022500204,20250811,GSV,1630387,Iliana Rupert,foul,-0.0102,-0.6596,-0.6698
espnanalytics,20250811-1022500204,2025-08-11,1022500204,20250811,GSV,1630387,Iliana Rupert,freethrow,-0.0027,0.4353,0.4326
espnanalytics,20250811-1022500204,2025-08-11,1022500204,20250811,GSV,1630387,Iliana Rupert,grenade,-0.4304,-0.3249,-0.7552
espnanalytics,20250811-1022500204,2025-08-11,1022500204,20250811,GSV,1630387,Iliana Rupert,hook,0.7799,0.0,0.7799
espnanalytics,20250811-1022500204,2025-08-11,1022500204,20250811,GSV,1630387,Iliana Rupert,layup,-0.5625,0.2683,-0.2942
espnanalytics,20250811-1022500204,2025-08-11,1022500204,20250811,GSV,1630387,Iliana Rupert,mid,0.0,-0.638,-0.638
espnanalytics,20250811-1022500204,2025-08-11,1022500204,20250811,GSV,1630387,Iliana Rupert,period,0.0,0.0,0.0
espnanalytics,20250811-1022500204,2025-08-11,1022500204,20250811,GSV,1630387,Iliana Rupert,rebound,-0.8188,-0.4133,-1.2321
espnanalytics,20250811-1022500204,2025-08-11,1022500204,20250811,GSV,1630387,Iliana Rupert,rim,0.9972,0.2683,1.2655
espnanalytics,20250811-1022500204,2025-08-11,1022500204,20250811,GSV,1630387,Iliana Rupert,stoppage,0.0,0.0,0.0
espnanalytics,20250811-1022500204,2025-08-11,1022500204,20250811,GSV,1630387,Iliana Rupert,timeout,0.0,0.0,0.0
espnanalytics,20250811-1022500204,2025-08-11,1022500204,20250811,GSV,1630387,Iliana Rupert,turnover,-0.7064,1.7003,0.9938
espnanalytics,20250811-1022500204,2025-08-11,1022500204,20250811,GSV,1630387,Iliana Rupert,violation,0.0,0.0,0.0
espnanalytics,20250811-1022500204,2025-08-11,1022500204,20250811,GSV,1630387,Iliana Rupert,fastbreak,-0.0866,-0.4032,-0.4898
espnanalytics,20250811-1022500204,2025-08-11,1022500204,20250811,GSV,1630387,Iliana Rupert,putback,0.0,0.6414,0.6414
espnanalytics,20250811-1022500204,2025-08-11,1022500204,20250811,GSV,1630387,Iliana Rupert,total,1.5061,2.2721,3.7781
espnanalytics,20250811-1022500204,2025-08-11,1022500204,20250811,GSV,1642767,Janelle Salaün,2pt,0.8938,-1.2504,-0.3566
espnanalytics,20250811-1022500204,2025-08-11,1022500204,20250811,GSV,1642767,Janelle Salaün,2ptShooting,0.9019,-0.4949,0.407
espnanalytics,20250811-1022500204,2025-08-11,1022500204,20250811,GSV,1642767,Janelle Salaün,3pt,4.8431,-0.2012,4.6418
espnanalytics,20250811-1022500204,2025-08-11,1022500204,20250811,GSV,1642767,Janelle Salaün,3ptShooting,4.9077,-0.3318,4.5758
espnanalytics,20250811-1022500204,2025-08-11,1022500204,20250811,GSV,1642767,Janelle Salaün,assist,0.3187,0.0,0.3187
espnanalytics,20250811-1022500204,2025-08-11,1022500204,20250811,GSV,1642767,Janelle Salaün,atb,4.3451,0.1366,4.4817
espnanalytics,20250811-1022500204,2025-08-11,1022500204,20250811,GSV,1642767,Janelle Salaün,badpass,0.0,0.0,0.0
espnanalytics,20250811-1022500204,2025-08-11,1022500204,20250811,GSV,1642767,Janelle Salaün,bank,0.0,0.0,0.0
espnanalytics,20250811-1022500204,2025-08-11,1022500204,20250811,GSV,1642767,Janelle Salaün,corner,0.5626,-0.4684,0.0942
espnanalytics,20250811-1022500204,2025-08-11,1022500204,20250811,GSV,1642767,Janelle Salaün,cutting,-0.5625,0.0,-0.5625
espnanalytics,20250811-1022500204,2025-08-11,1022500204,20250811,GSV,1642767,Janelle Salaün,driving,0.6845,0.0,0.6845
espnanalytics,20250811-1022500204,2025-08-11,1022500204,20250811,GSV,1642767,Janelle Salaün,dunk,0.0,0.0,0.0
espnanalytics,20250811-1022500204,2025-08-11,1022500204,20250811,GSV,1642767,Janelle Salaün,fade,0.0,0.0,0.0
espnanalytics,20250811-1022500204,2025-08-11,1022500204,20250811,GSV,1642767,Janelle Salaün,floating,0.0,0.0,0.0
espnanalytics,20250811-1022500204,2025-08-11,1022500204,20250811,GSV,1642767,Janelle Salaün,foul,-0.0406,-0.5611,-0.6017
espnanalytics,20250811-1022500204,2025-08-11,1022500204,20250811,GSV,1642767,Janelle Salaün,freethrow,-0.0144,0.2871,0.2727
espnanalytics,20250811-1022500204,2025-08-11,1022500204,20250811,GSV,1642767,Janelle Salaün,grenade,-0.4304,0.0,-0.4304
espnanalytics,20250811-1022500204,2025-08-11,1022500204,20250811,GSV,1642767,Janelle Salaün,hook,0.0,-0.3948,-0.3948
espnanalytics,20250811-1022500204,2025-08-11,1022500204,20250811,GSV,1642767,Janelle Salaün,jumpball,0.0,0.0,0.0
espnanalytics,20250811-1022500204,2025-08-11,1022500204,20250811,GSV,1642767,Janelle Salaün,layup,0.122,-0.2366,-0.1145
espnanalytics,20250811-1022500204,2025-08-11,1022500204,20250811,GSV,1642767,Janelle Salaün,mid,0.7799,-0.0399,0.74
espnanalytics,20250811-1022500204,2025-08-11,1022500204,20250811,GSV,1642767,Janelle Salaün,period,0.0,0.0,0.0
espnanalytics,20250811-1022500204,2025-08-11,1022500204,20250811,GSV,1642767,Janelle Salaün,rebound,-0.0219,-0.4451,-0.4669
espnanalytics,20250811-1022500204,2025-08-11,1022500204,20250811,GSV,1642767,Janelle Salaün,rim,0.122,-0.455,-0.333
espnanalytics,20250811-1022500204,2025-08-11,1022500204,20250811,GSV,1642767,Janelle Salaün,stoppage,0.0,0.0,0.0
espnanalytics,20250811-1022500204,2025-08-11,1022500204,20250811,GSV,1642767,Janelle Salaün,timeout,0.0,0.0,0.0
espnanalytics,20250811-1022500204,2025-08-11,1022500204,20250811,GSV,1642767,Janelle Salaün,turnover,-1.3272,1.7615,0.4343
espnanalytics,20250811-1022500204,2025-08-11,1022500204,20250811,GSV,1642767,Janelle Salaün,violation,,0.0,
espnanalytics,20250811-1022500204,2025-08-11,1022500204,20250811,GSV,1642767,Janelle Salaün,fastbreak,-0.5958,-0.818,-1.4138
espnanalytics,20250811-1022500204,2025-08-11,1022500204,20250811,GSV,1642767,Janelle Salaün,putback,-0.0146,0.3844,0.3698
espnanalytics,20250811-1022500204,2025-08-11,1022500204,20250811,GSV,1642767,Janelle Salaün,total,4.3327,-0.4091,3.9236
espnanalytics,20250811-1022500204,2025-08-11,1022500204,20250811,GSV,1630097,Kaila Charles,2pt,-0.1562,-0.2654,-0.4216
espnanalytics,20250811-1022500204,2025-08-11,1022500204,20250811,GSV,1630097,Kaila Charles,2ptShooting,0.0,0.1783,0.1783
espnanalytics,20250811-1022500204,2025-08-11,1022500204,20250811,GSV,1630097,Kaila Charles,3pt,-0.204,0.7954,0.5914
espnanalytics,20250811-1022500204,2025-08-11,1022500204,20250811,GSV,1630097,Kaila Charles,3ptShooting,0.0,0.1848,0.1848
espnanalytics,20250811-1022500204,2025-08-11,1022500204,20250811,GSV,1630097,Kaila Charles,assist,0.0,0.0,0.0
espnanalytics,20250811-1022500204,2025-08-11,1022500204,20250811,GSV,1630097,Kaila Charles,atb,0.0,0.1848,0.1848
espnanalytics,20250811-1022500204,2025-08-11,1022500204,20250811,GSV,1630097,Kaila Charles,badpass,0.0,0.0,0.0
espnanalytics,20250811-1022500204,2025-08-11,1022500204,20250811,GSV,1630097,Kaila Charles,bank,0.0,0.0,0.0
espnanalytics,20250811-1022500204,2025-08-11,1022500204,20250811,GSV,1630097,Kaila Charles,corner,0.0,0.0,0.0
espnanalytics,20250811-1022500204,2025-08-11,1022500204,20250811,GSV,1630097,Kaila Charles,cutting,0.0,0.0,0.0
espnanalytics,20250811-1022500204,2025-08-11,1022500204,20250811,GSV,1630097,Kaila Charles,driving,0.0,0.0,0.0
espnanalytics,20250811-1022500204,2025-08-11,1022500204,20250811,GSV,1630097,Kaila Charles,dunk,0.0,0.0,0.0
espnanalytics,20250811-1022500204,2025-08-11,1022500204,20250811,GSV,1630097,Kaila Charles,fade,0.0,0.0,0.0
espnanalytics,20250811-1022500204,2025-08-11,1022500204,20250811,GSV,1630097,Kaila Charles,floating,0.0,0.0,0.0
espnanalytics,20250811-1022500204,2025-08-11,1022500204,20250811,GSV,1630097,Kaila Charles,foul,0.8751,-0.9936,-0.1185
espnanalytics,20250811-1022500204,2025-08-11,1022500204,20250811,GSV,1630097,Kaila Charles,freethrow,0.1375,0.2843,0.4217
espnanalytics,20250811-1022500204,2025-08-11,1022500204,20250811,GSV,1630097,Kaila Charles,grenade,0.0,0.0,0.0
espnanalytics,20250811-1022500204,2025-08-11,1022500204,20250811,GSV,1630097,Kaila Charles,hook,0.0,0.0,0.0
espnanalytics,20250811-1022500204,2025-08-11,1022500204,20250811,GSV,1630097,Kaila Charles,layup,0.0,0.0,0.0
espnanalytics,20250811-1022500204,2025-08-11,1022500204,20250811,GSV,1630097,Kaila Charles,mid,0.0,0.1783,0.1783
espnanalytics,20250811-1022500204,2025-08-11,1022500204,20250811,GSV,1630097,Kaila Charles,period,0.0,0.0,0.0
espnanalytics,20250811-1022500204,2025-08-11,1022500204,20250811,GSV,1630097,Kaila Charles,rebound,-0.2588,-0.0579,-0.3167
espnanalytics,20250811-1022500204,2025-08-11,1022500204,20250811,GSV,1630097,Kaila Charles,rim,0.0,0.0,0.0
espnanalytics,20250811-1022500204,2025-08-11,1022500204,20250811,GSV,1630097,Kaila Charles,stoppage,0.0,0.0,0.0
espnanalytics,20250811-1022500204,2025-08-11,1022500204,20250811,GSV,1630097,Kaila Charles,turnover,-0.3869,0.6831,0.2962
espnanalytics,20250811-1022500204,2025-08-11,1022500204,20250811,GSV,1630097,Kaila Charles,violation,0.0,,
espnanalytics,20250811-1022500204,2025-08-11,1022500204,20250811,GSV,1630097,Kaila Charles,fastbreak,0.0,-0.15,-0.15
espnanalytics,20250811-1022500204,2025-08-11,1022500204,20250811,GSV,1630097,Kaila Charles,putback,0.0,0.2018,0.2018
espnanalytics,20250811-1022500204,2025-08-11,1022500204,20250811,GSV,1630097,Kaila Charles,total,0.0067,0.4459,0.4526
espnanalytics,20250811-1022500204,2025-08-11,1022500204,20250811,GSV,1642822,Kaitlyn Chen,2pt,-1.163,-0.1965,-1.3595
espnanalytics,20250811-1022500204,2025-08-11,1022500204,20250811,GSV,1642822,Kaitlyn Chen,2ptShooting,-1.163,-0.1965,-1.3595
espnanalytics,20250811-1022500204,2025-08-11,1022500204,20250811,GSV,1642822,Kaitlyn Chen,3pt,-0.1079,0.3935,0.2856
espnanalytics,20250811-1022500204,2025-08-11,1022500204,20250811,GSV,1642822,Kaitlyn Chen,3ptShooting,0.0,0.2039,0.2039
espnanalytics,20250811-1022500204,2025-08-11,1022500204,20250811,GSV,1642822,Kaitlyn Chen,assist,0.0,0.0,0.0
espnanalytics,20250811-1022500204,2025-08-11,1022500204,20250811,GSV,1642822,Kaitlyn Chen,atb,0.0,0.2039,0.2039
espnanalytics,20250811-1022500204,2025-08-11,1022500204,20250811,GSV,1642822,Kaitlyn Chen,badpass,0.0,0.0,0.0
espnanalytics,20250811-1022500204,2025-08-11,1022500204,20250811,GSV,1642822,Kaitlyn Chen,bank,0.0,0.0,0.0
espnanalytics,20250811-1022500204,2025-08-11,1022500204,20250811,GSV,1642822,Kaitlyn Chen,corner,0.0,0.0,0.0
espnanalytics,20250811-1022500204,2025-08-11,1022500204,20250811,GSV,1642822,Kaitlyn Chen,cutting,0.0,0.0,0.0
espnanalytics,20250811-1022500204,2025-08-11,1022500204,20250811,GSV,1642822,Kaitlyn Chen,driving,0.0,-0.1965,-0.1965
espnanalytics,20250811-1022500204,2025-08-11,1022500204,20250811,GSV,1642822,Kaitlyn Chen,dunk,0.0,0.0,0.0
espnanalytics,20250811-1022500204,2025-08-11,1022500204,20250811,GSV,1642822,Kaitlyn Chen,fade,0.0,0.0,0.0
espnanalytics,20250811-1022500204,2025-08-11,1022500204,20250811,GSV,1642822,Kaitlyn Chen,floating,0.0,0.0,0.0
espnanalytics,20250811-1022500204,2025-08-11,1022500204,20250811,GSV,1642822,Kaitlyn Chen,foul,-0.0102,-0.33,-0.3401
espnanalytics,20250811-1022500204,2025-08-11,1022500204,20250811,GSV,1642822,Kaitlyn Chen,freethrow,-0.0045,-0.0679,-0.0724
espnanalytics,20250811-1022500204,2025-08-11,1022500204,20250811,GSV,1642822,Kaitlyn Chen,grenade,-0.6005,0.0,-0.6005
espnanalytics,20250811-1022500204,2025-08-11,1022500204,20250811,GSV,1642822,Kaitlyn Chen,hook,0.0,0.0,0.0
espnanalytics,20250811-1022500204,2025-08-11,1022500204,20250811,GSV,1642822,Kaitlyn Chen,layup,-0.5625,-0.1965,-0.759
espnanalytics,20250811-1022500204,2025-08-11,1022500204,20250811,GSV,1642822,Kaitlyn Chen,mid,0.0,0.0,0.0
espnanalytics,20250811-1022500204,2025-08-11,1022500204,20250811,GSV,1642822,Kaitlyn Chen,period,0.0,,
espnanalytics,20250811-1022500204,2025-08-11,1022500204,20250811,GSV,1642822,Kaitlyn Chen,rebound,-0.1758,0.089,-0.0868
espnanalytics,20250811-1022500204,2025-08-11,1022500204,20250811,GSV,1642822,Kaitlyn Chen,rim,-1.163,-0.1965,-1.3595
espnanalytics,20250811-1022500204,2025-08-11,1022500204,20250811,GSV,1642822,Kaitlyn Chen,stoppage,0.0,,
espnanalytics,20250811-1022500204,2025-08-11,1022500204,20250811,GSV,1642822,Kaitlyn Chen,fastbreak,0.0,0.2361,0.2361
espnanalytics,20250811-1022500204,2025-08-11,1022500204,20250811,GSV,1642822,Kaitlyn Chen,putback,0.0,0.0,0.0
espnanalytics,20250811-1022500204,2025-08-11,1022500204,20250811,GSV,1642822,Kaitlyn Chen,total,-1.4613,-0.1119,-1.5732
espnanalytics,20250811-1022500204,2025-08-11,1022500204,20250811,GSV,1642324,Kate Martin,2pt,-0.1478,-0.1676,-0.3154
espnanalytics,20250811-1022500204,2025-08-11,1022500204,20250811,GSV,1642324,Kate Martin,2ptShooting,0.0,0.0,0.0
espnanalytics,20250811-1022500204,2025-08-11,1022500204,20250811,GSV,1642324,Kate Martin,3pt,-0.3139,1.0388,0.7249
espnanalytics,20250811-1022500204,2025-08-11,1022500204,20250811,GSV,1642324,Kate Martin,3ptShooting,-0.4481,-0.2544,-0.7025
espnanalytics,20250811-1022500204,2025-08-11,1022500204,20250811,GSV,1642324,Kate Martin,assist,0.2034,-0.2084,-0.005
espnanalytics,20250811-1022500204,2025-08-11,1022500204,20250811,GSV,1642324,Kate Martin,atb,-0.51,-0.2544,-0.7644
espnanalytics,20250811-1022500204,2025-08-11,1022500204,20250811,GSV,1642324,Kate Martin,badpass,0.0,0.0,0.0
espnanalytics,20250811-1022500204,2025-08-11,1022500204,20250811,GSV,1642324,Kate Martin,bank,0.0,0.0,0.0
espnanalytics,20250811-1022500204,2025-08-11,1022500204,20250811,GSV,1642324,Kate Martin,corner,0.0618,0.0,0.0618
espnanalytics,20250811-1022500204,2025-08-11,1022500204,20250811,GSV,1642324,Kate Martin,cutting,0.0,0.0,0.0
espnanalytics,20250811-1022500204,2025-08-11,1022500204,20250811,GSV,1642324,Kate Martin,driving,0.0,0.0,0.0
espnanalytics,20250811-1022500204,2025-08-11,1022500204,20250811,GSV,1642324,Kate Martin,dunk,0.0,0.0,0.0
espnanalytics,20250811-1022500204,2025-08-11,1022500204,20250811,GSV,1642324,Kate Martin,fade,0.0,0.0,0.0
espnanalytics,20250811-1022500204,2025-08-11,1022500204,20250811,GSV,1642324,Kate Martin,floating,0.0,0.0,0.0
espnanalytics,20250811-1022500204,2025-08-11,1022500204,20250811,GSV,1642324,Kate Martin,foul,-0.0102,-1.1658,-1.176
espnanalytics,20250811-1022500204,2025-08-11,1022500204,20250811,GSV,1642324,Kate Martin,freethrow,-0.0027,0.0843,0.0816
espnanalytics,20250811-1022500204,2025-08-11,1022500204,20250811,GSV,1642324,Kate Martin,grenade,0.0,0.1628,0.1628
espnanalytics,20250811-1022500204,2025-08-11,1022500204,20250811,GSV,1642324,Kate Martin,hook,0.0,0.0,0.0
espnanalytics,20250811-1022500204,2025-08-11,1022500204,20250811,GSV,1642324,Kate Martin,layup,0.0,0.0,0.0
espnanalytics,20250811-1022500204,2025-08-11,1022500204,20250811,GSV,1642324,Kate Martin,mid,0.0,0.0,0.0
espnanalytics,20250811-1022500204,2025-08-11,1022500204,20250811,GSV,1642324,Kate Martin,period,0.0,0.0,0.0
espnanalytics,20250811-1022500204,2025-08-11,1022500204,20250811,GSV,1642324,Kate Martin,rebound,-0.4562,0.1675,-0.2887
espnanalytics,20250811-1022500204,2025-08-11,1022500204,20250811,GSV,1642324,Kate Martin,rim,0.0,0.0,0.0
espnanalytics,20250811-1022500204,2025-08-11,1022500204,20250811,GSV,1642324,Kate Martin,stoppage,0.0,0.0,0.0
espnanalytics,20250811-1022500204,2025-08-11,1022500204,20250811,GSV,1642324,Kate Martin,timeout,0.0,0.0,0.0
espnanalytics,20250811-1022500204,2025-08-11,1022500204,20250811,GSV,1642324,Kate Martin,turnover,-0.5418,1.2286,0.6867
espnanalytics,20250811-1022500204,2025-08-11,1022500204,20250811,GSV,1642324,Kate Martin,violation,0.0,0.0,0.0
espnanalytics,20250811-1022500204,2025-08-11,1022500204,20250811,GSV,1642324,Kate Martin,fastbreak,-0.1049,-0.3563,-0.4613
espnanalytics,20250811-1022500204,2025-08-11,1022500204,20250811,GSV,1642324,Kate Martin,putback,0.1084,0.3648,0.4732
espnanalytics,20250811-1022500204,2025-08-11,1022500204,20250811,GSV,1642324,Kate Martin,total,-1.4726,1.1858,-0.2869
espnanalytics,20250811-1022500204,2025-08-11,1022500204,20250811,GSV,1641656,Laeticia Amihere,2pt,-0.0648,-0.0752,-0.14
espnanalytics,20250811-1022500204,2025-08-11,1022500204,20250811,GSV,1641656,Laeticia Amihere,2ptShooting,0.0,0.0,0.0
espnanalytics,20250811-1022500204,2025-08-11,1022500204,20250811,GSV,1641656,Laeticia Amihere,3pt,-0.0406,0.1817,0.1411
espnanalytics,20250811-1022500204,2025-08-11,1022500204,20250811,GSV,1641656,Laeticia Amihere,3ptShooting,0.0,0.0,0.0
espnanalytics,20250811-1022500204,2025-08-11,1022500204,20250811,GSV,1641656,Laeticia Amihere,assist,0.0,0.0,0.0
espnanalytics,20250811-1022500204,2025-08-11,1022500204,20250811,GSV,1641656,Laeticia Amihere,atb,0.0,0.0,0.0
espnanalytics,20250811-1022500204,2025-08-11,1022500204,20250811,GSV,1641656,Laeticia Amihere,badpass,0.0,0.0,0.0
espnanalytics,20250811-1022500204,2025-08-11,1022500204,20250811,GSV,1641656,Laeticia Amihere,bank,0.0,0.0,0.0
espnanalytics,20250811-1022500204,2025-08-11,1022500204,20250811,GSV,1641656,Laeticia Amihere,corner,0.0,0.0,0.0
espnanalytics,20250811-1022500204,2025-08-11,1022500204,20250811,GSV,1641656,Laeticia Amihere,cutting,0.0,0.0,0.0
espnanalytics,20250811-1022500204,2025-08-11,1022500204,20250811,GSV,1641656,Laeticia Amihere,driving,0.0,0.0,0.0
espnanalytics,20250811-1022500204,2025-08-11,1022500204,20250811,GSV,1641656,Laeticia Amihere,dunk,0.0,0.0,0.0
espnanalytics,20250811-1022500204,2025-08-11,1022500204,20250811,GSV,1641656,Laeticia Amihere,fade,0.0,0.0,0.0
espnanalytics,20250811-1022500204,2025-08-11,1022500204,20250811,GSV,1641656,Laeticia Amihere,floating,0.0,0.0,0.0
espnanalytics,20250811-1022500204,2025-08-11,1022500204,20250811,GSV,1641656,Laeticia Amihere,foul,-0.0102,-0.0492,-0.0593
espnanalytics,20250811-1022500204,2025-08-11,1022500204,20250811,GSV,1641656,Laeticia Amihere,freethrow,-0.0045,-0.0679,-0.0724
espnanalytics,20250811-1022500204,2025-08-11,1022500204,20250811,GSV,1641656,Laeticia Amihere,grenade,0.0,0.0,0.0
espnanalytics,20250811-1022500204,2025-08-11,1022500204,20250811,GSV,1641656,Laeticia Amihere,hook,0.0,0.0,0.0
espnanalytics,20250811-1022500204,2025-08-11,1022500204,20250811,GSV,1641656,Laeticia Amihere,layup,0.0,0.0,0.0
espnanalytics,20250811-1022500204,2025-08-11,1022500204,20250811,GSV,1641656,Laeticia Amihere,mid,0.0,0.0,0.0
espnanalytics,20250811-1022500204,2025-08-11,1022500204,20250811,GSV,1641656,Laeticia Amihere,period,0.0,,
espnanalytics,20250811-1022500204,2025-08-11,1022500204,20250811,GSV,1641656,Laeticia Amihere,rebound,-0.1917,0.2211,0.0294
espnanalytics,20250811-1022500204,2025-08-11,1022500204,20250811,GSV,1641656,Laeticia Amihere,rim,0.0,0.0,0.0
espnanalytics,20250811-1022500204,2025-08-11,1022500204,20250811,GSV,1641656,Laeticia Amihere,stoppage,0.0,,
espnanalytics,20250811-1022500204,2025-08-11,1022500204,20250811,GSV,1641656,Laeticia Amihere,fastbreak,0.0,0.2056,0.2056
espnanalytics,20250811-1022500204,2025-08-11,1022500204,20250811,GSV,1641656,Laeticia Amihere,putback,0.0,0.0,0.0
espnanalytics,20250811-1022500204,2025-08-11,1022500204,20250811,GSV,1641656,Laeticia Amihere,total,-0.3118,0.2105,-0.1012
espnanalytics,20250811-1022500204,2025-08-11,1022500204,20250811,GSV,1627701,Temi Fagbenle,2pt,0.8966,0.0262,0.9228
espnanalytics,20250811-1022500204,2025-08-11,1022500204,20250811,GSV,1627701,Temi Fagbenle,2ptShooting,0.9438,-0.4704,0.4734
espnanalytics,20250811-1022500204,2025-08-11,1022500204,20250811,GSV,1627701,Temi Fagbenle,3pt,-0.2466,-0.749,-0.9956
espnanalytics,20250811-1022500204,2025-08-11,1022500204,20250811,GSV,1627701,Temi Fagbenle,3ptShooting,-0.51,-0.6481,-1.1581
espnanalytics,20250811-1022500204,2025-08-11,1022500204,20250811,GSV,1627701,Temi Fagbenle,assist,0.2034,-0.3866,-0.1833
espnanalytics,20250811-1022500204,2025-08-11,1022500204,20250811,GSV,1627701,Temi Fagbenle,atb,0.0,-0.6481,-0.6481
espnanalytics,20250811-1022500204,2025-08-11,1022500204,20250811,GSV,1627701,Temi Fagbenle,badpass,-0.6632,0.0,-0.6632
espnanalytics,20250811-1022500204,2025-08-11,1022500204,20250811,GSV,1627701,Temi Fagbenle,bank,0.0,0.0,0.0
espnanalytics,20250811-1022500204,2025-08-11,1022500204,20250811,GSV,1627701,Temi Fagbenle,corner,-0.51,0.0,-0.51
espnanalytics,20250811-1022500204,2025-08-11,1022500204,20250811,GSV,1627701,Temi Fagbenle,cutting,1.3691,0.0,1.3691
espnanalytics,20250811-1022500204,2025-08-11,1022500204,20250811,GSV,1627701,Temi Fagbenle,driving,0.0,-0.4238,-0.4238
espnanalytics,20250811-1022500204,2025-08-11,1022500204,20250811,GSV,1627701,Temi Fagbenle,dunk,0.0,0.0,0.0
espnanalytics,20250811-1022500204,2025-08-11,1022500204,20250811,GSV,1627701,Temi Fagbenle,fade,0.0,0.0,0.0
espnanalytics,20250811-1022500204,2025-08-11,1022500204,20250811,GSV,1627701,Temi Fagbenle,floating,0.0,0.0,0.0
espnanalytics,20250811-1022500204,2025-08-11,1022500204,20250811,GSV,1627701,Temi Fagbenle,foul,-0.0406,-0.3863,-0.427
espnanalytics,20250811-1022500204,2025-08-11,1022500204,20250811,GSV,1627701,Temi Fagbenle,freethrow,-0.0144,0.1361,0.1217
espnanalytics,20250811-1022500204,2025-08-11,1022500204,20250811,GSV,1627701,Temi Fagbenle,grenade,0.6845,0.0,0.6845
espnanalytics,20250811-1022500204,2025-08-11,1022500204,20250811,GSV,1627701,Temi Fagbenle,hook,0.0,0.0,0.0
espnanalytics,20250811-1022500204,2025-08-11,1022500204,20250811,GSV,1627701,Temi Fagbenle,jumpball,0.0,0.0,0.0
espnanalytics,20250811-1022500204,2025-08-11,1022500204,20250811,GSV,1627701,Temi Fagbenle,layup,0.9438,-0.4238,0.5199
espnanalytics,20250811-1022500204,2025-08-11,1022500204,20250811,GSV,1627701,Temi Fagbenle,mid,0.0,-0.3144,-0.3144
espnanalytics,20250811-1022500204,2025-08-11,1022500204,20250811,GSV,1627701,Temi Fagbenle,period,0.0,0.0,0.0
espnanalytics,20250811-1022500204,2025-08-11,1022500204,20250811,GSV,1627701,Temi Fagbenle,rebound,0.5978,0.0218,0.6196
espnanalytics,20250811-1022500204,2025-08-11,1022500204,20250811,GSV,1627701,Temi Fagbenle,rim,0.9438,-0.156,0.7878
espnanalytics,20250811-1022500204,2025-08-11,1022500204,20250811,GSV,1627701,Temi Fagbenle,stoppage,0.0,0.0,0.0
espnanalytics,20250811-1022500204,2025-08-11,1022500204,20250811,GSV,1627701,Temi Fagbenle,timeout,0.0,0.0,0.0
espnanalytics,20250811-1022500204,2025-08-11,1022500204,20250811,GSV,1627701,Temi Fagbenle,turnover,-0.7589,1.4761,0.7173
espnanalytics,20250811-1022500204,2025-08-11,1022500204,20250811,GSV,1627701,Temi Fagbenle,violation,,0.0,
espnanalytics,20250811-1022500204,2025-08-11,1022500204,20250811,GSV,1627701,Temi Fagbenle,fastbreak,-0.4181,-0.6502,-1.0683
espnanalytics,20250811-1022500204,2025-08-11,1022500204,20250811,GSV,1627701,Temi Fagbenle,putback,-0.4414,0.6982,0.2568
espnanalytics,20250811-1022500204,2025-08-11,1022500204,20250811,GSV,1627701,Temi Fagbenle,total,0.4339,0.5249,0.9588
espnanalytics,20250811-1022500204,2025-08-11,1022500204,20250811,GSV,203026,Tiffany Hayes,2pt,1.0271,0.2221,1.2491
espnanalytics,20250811-1022500204,2025-08-11,1022500204,20250811,GSV,203026,Tiffany Hayes,2ptShooting,0.8256,0.2092,1.0347
espnanalytics,20250811-1022500204,2025-08-11,1022500204,20250811,GSV,203026,Tiffany Hayes,3pt,3.1106,1.4012,4.5118
espnanalytics,20250811-1022500204,2025-08-11,1022500204,20250811,GSV,203026,Tiffany Hayes,3ptShooting,3.2455,0.9077,4.1532
espnanalytics,20250811-1022500204,2025-08-11,1022500204,20250811,GSV,203026,Tiffany Hayes,assist,0.8281,-0.9202,-0.0921
espnanalytics,20250811-1022500204,2025-08-11,1022500204,20250811,GSV,203026,Tiffany Hayes,atb,0.5718,0.9077,1.4795
espnanalytics,20250811-1022500204,2025-08-11,1022500204,20250811,GSV,203026,Tiffany Hayes,badpass,-0.6632,0.0847,-0.5785
espnanalytics,20250811-1022500204,2025-08-11,1022500204,20250811,GSV,203026,Tiffany Hayes,bank,0.0,0.0,0.0
espnanalytics,20250811-1022500204,2025-08-11,1022500204,20250811,GSV,203026,Tiffany Hayes,corner,2.6737,0.0,2.6737
espnanalytics,20250811-1022500204,2025-08-11,1022500204,20250811,GSV,203026,Tiffany Hayes,cutting,0.0,0.0,0.0
espnanalytics,20250811-1022500204,2025-08-11,1022500204,20250811,GSV,203026,Tiffany Hayes,driving,0.8256,0.0542,0.8798
espnanalytics,20250811-1022500204,2025-08-11,1022500204,20250811,GSV,203026,Tiffany Hayes,dunk,0.0,0.0,0.0
espnanalytics,20250811-1022500204,2025-08-11,1022500204,20250811,GSV,203026,Tiffany Hayes,fade,0.0,0.0,0.0
espnanalytics,20250811-1022500204,2025-08-11,1022500204,20250811,GSV,203026,Tiffany Hayes,floating,0.0,0.0,0.0
espnanalytics,20250811-1022500204,2025-08-11,1022500204,20250811,GSV,203026,Tiffany Hayes,foul,1.7299,-0.2052,1.5247
espnanalytics,20250811-1022500204,2025-08-11,1022500204,20250811,GSV,203026,Tiffany Hayes,freethrow,-1.6138,0.4393,-1.1745
espnanalytics,20250811-1022500204,2025-08-11,1022500204,20250811,GSV,203026,Tiffany Hayes,grenade,0.1309,0.1833,0.3142
espnanalytics,20250811-1022500204,2025-08-11,1022500204,20250811,GSV,203026,Tiffany Hayes,hook,0.0,0.0,0.0
espnanalytics,20250811-1022500204,2025-08-11,1022500204,20250811,GSV,203026,Tiffany Hayes,jumpball,0.0,0.0,0.0
espnanalytics,20250811-1022500204,2025-08-11,1022500204,20250811,GSV,203026,Tiffany Hayes,layup,0.8256,0.0542,0.8798
espnanalytics,20250811-1022500204,2025-08-11,1022500204,20250811,GSV,203026,Tiffany Hayes,mid,0.0,0.1549,0.1549
espnanalytics,20250811-1022500204,2025-08-11,1022500204,20250811,GSV,203026,Tiffany Hayes,period,0.0,0.0,0.0
espnanalytics,20250811-1022500204,2025-08-11,1022500204,20250811,GSV,203026,Tiffany Hayes,rebound,-0.0316,0.3646,0.333
espnanalytics,20250811-1022500204,2025-08-11,1022500204,20250811,GSV,203026,Tiffany Hayes,rim,0.8256,0.0542,0.8798
espnanalytics,20250811-1022500204,2025-08-11,1022500204,20250811,GSV,203026,Tiffany Hayes,stoppage,0.0,0.0,0.0
espnanalytics,20250811-1022500204,2025-08-11,1022500204,20250811,GSV,203026,Tiffany Hayes,timeout,0.0,0.0,0.0
espnanalytics,20250811-1022500204,2025-08-11,1022500204,20250811,GSV,203026,Tiffany Hayes,turnover,-1.9458,1.665,-0.2809
espnanalytics,20250811-1022500204,2025-08-11,1022500204,20250811,GSV,203026,Tiffany Hayes,violation,,0.0,
espnanalytics,20250811-1022500204,2025-08-11,1022500204,20250811,GSV,203026,Tiffany Hayes,fastbreak,-0.1438,-0.3357,-0.4795
espnanalytics,20250811-1022500204,2025-08-11,1022500204,20250811,GSV,203026,Tiffany Hayes,putback,0.096,0.8209,0.9168
espnanalytics,20250811-1022500204,2025-08-11,1022500204,20250811,GSV,203026,Tiffany Hayes,total,2.2764,3.8869,6.1632
espnanalytics,20250811-1022500204,2025-08-11,1022500204,20250811,GSV,1631007,Veronica Burton,2pt,-0.8124,0.0425,-0.7699
espnanalytics,20250811-1022500204,2025-08-11,1022500204,20250811,GSV,1631007,Veronica Burton,2ptShooting,-1.1531,0.5152,-0.6379
espnanalytics,20250811-1022500204,2025-08-11,1022500204,20250811,GSV,1631007,Veronica Burton,3pt,-0.8664,0.5912,-0.2752
espnanalytics,20250811-1022500204,2025-08-11,1022500204,20250811,GSV,1631007,Veronica Burton,3ptShooting,-0.51,0.3582,-0.1518
espnanalytics,20250811-1022500204,2025-08-11,1022500204,20250811,GSV,1631007,Veronica Burton,assist,1.7844,-0.8762,0.9082
espnanalytics,20250811-1022500204,2025-08-11,1022500204,20250811,GSV,1631007,Veronica Burton,atb,-0.51,-0.442,-0.9519
espnanalytics,20250811-1022500204,2025-08-11,1022500204,20250811,GSV,1631007,Veronica Burton,badpass,-0.6632,0.0955,-0.5677
espnanalytics,20250811-1022500204,2025-08-11,1022500204,20250811,GSV,1631007,Veronica Burton,bank,0.0,0.0,0.0
espnanalytics,20250811-1022500204,2025-08-11,1022500204,20250811,GSV,1631007,Veronica Burton,corner,0.0,0.6105,0.6105
espnanalytics,20250811-1022500204,2025-08-11,1022500204,20250811,GSV,1631007,Veronica Burton,cutting,0.0,0.0,0.0
espnanalytics,20250811-1022500204,2025-08-11,1022500204,20250811,GSV,1631007,Veronica Burton,driving,0.0,0.0497,0.0497
espnanalytics,20250811-1022500204,2025-08-11,1022500204,20250811,GSV,1631007,Veronica Burton,dunk,0.0,0.0,0.0
espnanalytics,20250811-1022500204,2025-08-11,1022500204,20250811,GSV,1631007,Veronica Burton,fade,0.0,0.1693,0.1693
espnanalytics,20250811-1022500204,2025-08-11,1022500204,20250811,GSV,1631007,Veronica Burton,floating,-0.6059,0.0,-0.6059
espnanalytics,20250811-1022500204,2025-08-11,1022500204,20250811,GSV,1631007,Veronica Burton,foul,1.7096,-0.083,1.6266
espnanalytics,20250811-1022500204,2025-08-11,1022500204,20250811,GSV,1631007,Veronica Burton,freethrow,-0.621,0.2871,-0.3339
espnanalytics,20250811-1022500204,2025-08-11,1022500204,20250811,GSV,1631007,Veronica Burton,grenade,0.0,-0.0903,-0.0903
espnanalytics,20250811-1022500204,2025-08-11,1022500204,20250811,GSV,1631007,Veronica Burton,hook,0.0,0.0,0.0
espnanalytics,20250811-1022500204,2025-08-11,1022500204,20250811,GSV,1631007,Veronica Burton,jumpball,0.0,0.0,0.0
espnanalytics,20250811-1022500204,2025-08-11,1022500204,20250811,GSV,1631007,Veronica Burton,layup,-0.5473,0.0497,-0.4975
espnanalytics,20250811-1022500204,2025-08-11,1022500204,20250811,GSV,1631007,Veronica Burton,mid,0.0,0.4655,0.4655
espnanalytics,20250811-1022500204,2025-08-11,1022500204,20250811,GSV,1631007,Veronica Burton,period,0.0,0.0,0.0
espnanalytics,20250811-1022500204,2025-08-11,1022500204,20250811,GSV,1631007,Veronica Burton,rebound,0.3335,0.1553,0.4888
espnanalytics,20250811-1022500204,2025-08-11,1022500204,20250811,GSV,1631007,Veronica Burton,rim,-1.1531,0.0497,-1.1034
espnanalytics,20250811-1022500204,2025-08-11,1022500204,20250811,GSV,1631007,Veronica Burton,stoppage,0.0,0.0,0.0
espnanalytics,20250811-1022500204,2025-08-11,1022500204,20250811,GSV,1631007,Veronica Burton,timeout,0.0,0.0,0.0
espnanalytics,20250811-1022500204,2025-08-11,1022500204,20250811,GSV,1631007,Veronica Burton,turnover,-1.1392,1.8094,0.6702
espnanalytics,20250811-1022500204,2025-08-11,1022500204,20250811,GSV,1631007,Veronica Burton,violation,,0.0,
espnanalytics,20250811-1022500204,2025-08-11,1022500204,20250811,GSV,1631007,Veronica Burton,fastbreak,-0.7195,-0.6118,-1.3313
espnanalytics,20250811-1022500204,2025-08-11,1022500204,20250811,GSV,1631007,Veronica Burton,putback,1.1176,0.6924,1.81
espnanalytics,20250811-1022500204,2025-08-11,1022500204,20250811,GSV,1631007,Veronica Burton,total,-1.3959,2.8025,1.4066
